input_name,companyName,businessArea,encryptBrandId
阿德斯（宁夏）能源科技有限公司,宁夏阿德斯,银川市金凤区宝湖市场,612892b3c273c9211Hx93929GVQ~
阿兹特克（宁夏）科技有限公司,阿兹特克,银川市兴庆区胜利街,0e5a229f0a720e961HN73d--ElI~
爱幕依（宁夏）影视文化有限公司,爱幕依,银川市金凤区宝湖市场,18dd716246569afa1ndz3Ni1GFE~
安创蓓康生物科技有限公司,安创蓓康,银川市金凤区新城,cee8ff18ba23b2751nd52tm6F1Y~
安骑（宁夏）科技有限公司,四川安骑摩托车销售,成都市双流区九江,3143348101a84dea1HR-3ty0E1U~
安瑞森（宁夏）电子材料有限公司,安瑞森,苏州市张家港市金港镇,5752d042e944b6141nZ42ti1E1c~
安替奔达（宁夏）生物科技有限责任公司,,,
百捷智达科技有限公司,百捷智达,呼和浩特市赛罕区大学西路,63e6027c06aa858a1ndy3925FVM~
百瑞源枸杞股份有限公司,百瑞源,银川市贺兰县德胜,a1091b327e5eb1ef03V729S-EA~~
半亩良人生物工程研究（宁夏）有限公司,半亩良人智慧农业科技,银川,9116cbb5a797d8871nN52tq5E1U~
半亩良人智慧农业科技（宁夏）有限公司,半亩良人智慧农业科技,银川,9116cbb5a797d8871nN52tq5E1U~
宝塔实业股份有限公司,深圳赛瑞斯汽车科...,延安,f14f7a3b3d690a851HB62dq7F1I~
北阀智控（宁夏）科技有限公司,北阀智控,银川市永宁县望远,aa09d989e4c0f2561XR-2t61F1o~
北方益农（宁夏）环保科技有限公司,,,
北京同仁堂健康药业（宁夏）有限公司,北京同仁堂健康药业宁,银川,c336d55c57e0cdca1nd73d6-GVc~
北控宝盈商务服务（宁夏）有限公司,,,
博尔特新材料（银川）有限公司,博尔特新材料,银川,a656169b4ee808b103Z53dS5FVY~
车主驿站（宁夏）技术服务有限公司,车主驿站,固原市原州区五指广场,cbd5b98173ce1e141HF909m6FlE~
辰卓科技有限公司,辰卓,银川市兴庆区绿地21城,b4e6bb27700a9bdd0nZ-3tm8Ew~~
成电创孵（宁夏）科技有限公司,,,
成电创智（银川）信息科技有限公司,,,
川宁电缆有限公司,川宁电缆有限公司,银川市兴庆区胜利街,ef3cddf5c5b415c51XF439W9F1c~
大华（银川）医疗科技有限公司,大华医疗科技,银川市金凤区开发区,7e7d16d666b83b973nFy2tW-GA~~
大象（宁夏）电力技术有限公司,大象电力,银川市金凤区开发区,0038ad9578a77f0a3nJ43920GA~~
德尚（宁夏）知识产权咨询有限公司,淄博德尚食品有限公司,淄博,02a2be4f8da03b6a1nd839m_Flc~
鼎川（宁夏）科技电缆股份有限公司,山东鼎川医疗器械,阜阳市颍州区大润发,901b40b0c2f982f81HBy3ty0FFc~
东方联鸣（宁夏）科技发展有限公司,东方联鸣,银川市兴庆区绿地21城,7f4b814aace661741XR_29S8GVI~
东方塑力线缆有限公司,,,
斗牛士（宁夏）科技发展有限公司,斗牛士乐器,永州,8e5ad218b1433ee51HBz2dy7EVE~
恩泽斯（宁夏）环境技术有限公司,,,
凡雀（宁夏）文化创意有限公司,凡雀,银川市金凤区阅海,5c2fd7dc81c2d2521XR62dq1FlU~
非凡智慧（宁夏）科技有限公司,,,
丰利源（宁夏）智能制造有限公司,丰利源(宁夏)智...,银川市金凤区阅海,cd94b5a824a25fda0HB52Nq6FQ~~
弗润德力新材料（宁夏）股份有限公司,弗润德力新材料,银川市兴庆区掌政镇,ff4a255b5072e4831nFz2Ny5GVE~
共享智能铸造产业创新中心有限公司,哈普惠,北京市朝阳区百子湾,bea0f6caea71800b1Xd-09S0EFs~
共享智能装备有限公司,哈普惠,北京市朝阳区百子湾,bea0f6caea71800b1Xd-09S0EFs~
共享铸钢有限公司,,,
共享装备股份有限公司,共享装备股份有限公司,芜湖,0edbba9e792840841ndz2tS5FVs~
冠检检测科技（宁夏）有限公司,,,
广煜医药科技（宁夏）有限公司,,,
国能宁夏灵武发电有限公司,,,
国网宁夏综合能源服务有限公司,国网浙江综能,杭州市上城区望江,bc44dff52e7510bc1nBy3d-8ElQ~
国智（宁夏）知识产权服务有限公司,国智知产,银川市金凤区阅海,70c0b80c7b4b62fb1Xx43tS0FVI~
果壳（宁夏）网络科技有限公司,果壳电商,宁波市鄞州区南部商务区,189543b929ef77ed33d93t-8
海江建设集团有限公司,上海玻比派餐饮管理,上海市宝山区共富,0086ae122bfc73bb1X1z2du_GVM~
汉风（银川）风电工程技术服务有限公司,银川汉风风电工程...,银川市永宁县望远,94fd6a0683d237b803Vz29q9GVs~
和乐邦（宁夏）家居有限公司,和乐邦,银川市贺兰县颐和苑,9e6deeb69a130ad403Zz2dm_F1A~
贺兰神（宁夏）  国际葡萄酒庄有限公司,贺兰神国际葡萄酒庄,银川,441d2fc8649e81591nJ53d-6F1A~
贺兰四海综贸有限公司,贺兰四海综贸,银川市贺兰县德胜,9f2b6abb3701f19a1XB_3N-5FlQ~
贺兰县德林果蔬产销专业合作社,,,
贺兰县海超农机作业服务有限公司,,,
贺兰县华农益农果蔬产销专业合作社,,,
贺兰县晶诚水产养殖有限公司,晶诚电子,广州市白云区江高,43a27a82e55959ed1nZ83dq9GFY~
贺兰县立岗镇永兴稻谷产销专业合作社,,,
贺兰县泰鑫冶炼有限公司,,,
贺兰县欣荣和食用菌有限公司,,,
贺享红（宁夏）网络科技有限公司,贺享红(宁夏)网...,银川市西夏区西花园,06b109c8199c254533Zz3Ny1Eg~~
恒源智同（宁夏）物联科技有限公司,,,
鸿利项目管理有限公司,鸿利项目管理有限公司,昆明市盘龙区联盟,e274597395ea6af533B42dq8Ew~~
华佰集团有限公司,华佰集团,银川市金凤区新城,a113f192aee4da231n190t68EVo~
华多智能技术（宁夏）有限公司,华多智能,银川市金凤区阅海,d081d484d9b84de31nN90tm_EVY~
华发容器（银川）有限公司,,,
华固建筑科技（宁夏）有限公司,宁夏华固建筑科技,拉萨市城关区金珠西路,0a112b9d8a5f6a451Xx43NS1FlM~
华赫技术有限公司,华赫集团,漳州市龙文区万达广场,8a079025ec774f6a1HZ50tS8ElQ~
华盛龙环保科技（宁夏）有限公司,华盛龙家居有限公司,贵阳市观山湖区观山湖公园,5cf79b1bed8d54971nxz3NS8FVU~
华泰昌（宁夏）职业培训学校有限公司,华泰昌职业学校,银川,e97db315412bef5e1XF62di_GFE~
华夏碧水（宁夏）环保科技有限公司,,,
华夏源爱济（宁夏）生物科技有限公司,宁夏爱济莱斯生物,银川,ab8af2cbe5f506be1nZ_3Nq4EVo~
华新智科技产业发展股份有限公司,华新智,沈阳市皇姑区昆山,3bb43b3bcd92f8d31X1-2tm6GVc~
华域生物科技（宁夏）有限公司,华域生物,银川,c69aa41b4bfb3a4f1XB52di6GVA~
华泽宜通（宁夏）科技有限公司,华泽宜通,银川市金凤区阅海,ebd5cbc122ef87741nx42dq1FVM~
华筑之影（银川）建筑科技有限公司,,,
寰娱互动（宁夏）文化科技有限公司,寰娱互动,银川市金凤区新城,cc163e88ae3578b61n143t2-GVI~
徽仁(宁夏)环保科技有限公司,徽仁环保,银川市贺兰县颐和苑,b17ccbe6e4f7b3c31nF63di8FVI~
徽仁（宁夏）环保科技有限公司,徽仁环保,银川市贺兰县颐和苑,b17ccbe6e4f7b3c31nF63di8FVI~
嘉磊网络科技（宁夏）集团有限公司,嘉磊元新,广州市白云区白云大道北,cbe8e62684d4a3901H1z2NS7EQ~~
交大（宁夏）检测科技有限公司,萱佳餐饮,北京市海淀区中关村,0fa484641ee25de71Xd52tS8F1I~
杰信达建设发展集团有限公司,,,
金开智维（宁夏）科技有限公司,金开智维,北京市东城区东四,ae5cf3172f91c1a11XB63dm0EVM~
金石机器人银川有限公司,青岛金石教育,青岛市崂山区东韩,79c3d8e6a4f4aa631XZ52tw~
景丰（宁夏）能源发展有限公司,景丰能源发展有限公司,银川市金凤区阅海,40914673713d87803nd70tq8EA~~
九洋杂粮科技开发（宁夏）有限公司,,,
巨冈精工（宁夏）有限公司,巨冈精工,银川市西夏区北京西路,fb76210abfab81c91X143960FFI~
锎量（宁夏）自动化科技有限公司,锎量科技,银川市金凤区新城,34dd8a49092504401Hd-39i5FlA~
康膜科技有限公司,成都康膜,成都市武侯区桂溪,b51ed12185332e1e03By29m9GFE~
克里蒂弗新能源技术（宁夏）有限公司,克里蒂弗,银川市金凤区阅海,94a0903ef94f32c31XB93tq1Fls~
朗坤（宁夏）区块链科技有限公司,朗坤,银川,1db23500869fc2280HF-09m4FA~~
联创万通(宁夏)信息技术服务有限公司,联创万通,银川市兴庆区北京东路,3c39ed94a4fddd0633B_2Nu-FQ~~
联创万通（宁夏）信息技术服务有限公司,联创万通,银川市兴庆区北京东路,3c39ed94a4fddd0633B_2Nu-FQ~~
灵武市大地粮油食品有限公司,,,
灵武市峰瑞农牧专业合作社,,,
灵武市海峰阳光彩印包装有限公司,,,
灵武市海江种植专业合作社,,,
灵武市浩珲工贸有限公司,中山市浩珲科技信息,中山市小榄镇小榄人民医院,c7fc1cf8c0b450ce03Z90920E1E~
灵武市恒业有色金属冶化有限公司,宝鸡恒业有色金属科技,宝鸡,60bf2a6bbc4682261HNz3d-1EVs~
灵武市嘉勇牧业有限公司,嘉勇企业管理有限公司,巴彦淖尔市临河区临河新区,b537b5cd79773afc1HVy09q0ElE~
灵武市建鑫塑料制品有限公司,建鑫市政,德州市夏津县开发区,8d166706b1bce2071nVy39u1FVY~
灵武市金科环境技术有限公司,抖音视界有限公司,北京市海淀区大钟寺,6602fab733c24e791XZ62ti-Flo~
灵武市临河镇滨河长枣专业合作社,,,
灵武市农盛农业种植专业合作社,深圳市农盛生态农...,深圳市龙岗区龙岗中心城,e6da942949407c9703R83tq8ElE~
灵武市少军奶牛养殖专业合作社,,,
灵武市同心农业综合开发有限公司,西安椰子企业管理服务,吴忠市同心县联华百货,fad422cf5858690c1Xx73tu0F1s~
灵武市夏能供销合作社有限公司,,,
灵武市欣兴饲草产业有限公司,,,
灵武市鑫海建材有限公司,北京晴花海饮品店...,北京市平谷区兴谷,95e294bb4380859b1HFz3tu9GVQ~
灵武市鑫盛达牧业有限公司,鑫盛达汽车,吴忠市青铜峡市青铜峡市中心城区,b589223929f3f3271nZ63du_FVI~
灵武市鑫旺达农牧有限公司,,,
灵武市幸福牛牧业有限公司,通辽幸福牛管家,通辽,0262849287391cd403d73N-0GFM~
灵武市叶氏兄弟夏能农业科技有限公司,,,
灵武市伊山河食用油有限公司,,,
灵武市银春祥工贸有限公司,,,
灵武市御富洋农牧有限公司,,,
灵武市众宏草制品有限公司,,,
凌志飞扬（宁夏）信息科技有限公司,凌志飞扬,银川市兴庆区北京东路,6f001540d3c19fee1nZ-39W_FFM~
龙光（银川）科技有限公司,龙光集团物业,惠州市惠阳区坪山,548e9534e30b63001XZz3Ni5FA~~
洛客科技（宁夏）有限公司,洛客,银川市西夏区西花园,3ce5c660ba45bf3c1nB73dy5FVA~
绿盾（宁夏）征信信用评级评估中心有限公司,粉蓝丽源医美,昆明市官渡区官南大道,380da05195c44fe01HJ53N-0GFo~
绿藤环保设备（宁夏）有限公司,绿藤,北京市怀柔区桥梓,d141db729f1283c81XZz0tW5ElU~
绿源恒森安环(宁夏)科技有限公司,绿源恒森,银川市金凤区新城,3c1ff4e1a71f1e340H1y39W7Fg~~
绿源恒森安环（宁夏）科技有限公司,绿源恒森,银川市金凤区悦海新天地,3c1ff4e1a71f1e340H1y39W7Fg~~
宁夏阿加德米学园教育科技有限公司,宁政公考,银川市金凤区宁安大街,a740c476475ee73f0XZ-3du_Fg~~
宁夏阿萨粮油食品有限公司,,,
宁夏阿色羔农业科技有限公司,,,
宁夏埃德曼自动化设备有限公司,埃德曼,苏州市吴中区胥口,86967999f949ab560nRy09S9GQ~~
宁夏艾克德机械制造有限公司,艾克德节能,佛山市顺德区大良,ad91031b1c8408e11HJ63ty_FlA~
宁夏艾普森科技有限责任公司,武汉艾普森自动化...,武汉市蔡甸区沌口,52f79c0ccc9613441nF42d-_FVc~
宁夏艾威鑫电子有限公司,,,
宁夏艾伊生物工程研发有限公司,沈阳市皇姑区娇兰...,沈阳市铁西区保工,9a8aed74a70fff741XZ62tu5FFo~
宁夏艾依斯数据统计调研有限公司,,,
宁夏爱济莱斯生物科技有限公司,宁夏爱济莱斯生物,银川,ab8af2cbe5f506be1nZ_3Nq4EVo~
宁夏爱就定服装设计有限责任公司,宁夏爱就定服装公司,银川市金凤区开发区,a580b624ff01b4911HB62NW1EVs~
宁夏安保信息科技服务有限公司,京东物流,北京市大兴区庞各庄,951e8bf16e0821e40HR909i1Fw~~
宁夏安达远网络科技有限公司,安达远,银川市西夏区西花园,a6083fc5563e167333xz3dW_GA~~
宁夏安防机电工程有限公司,万物云,北京市海淀区上地,4a3b8f2934b5ca341nZ83NW5FFo~
宁夏安广恒信息科技有限公司,安广恒信息科技,固原市原州区五指广场,46d3b362658191200HB72dW0EQ~~
宁夏安合成化工有限公司,,,
宁夏安和通科技工程有限公司,安和通,北京市朝阳区双桥,50bd3c88798a751803J929y0EQ~~
宁夏安检科技有限公司,北京恒安卫士,北京市通州区玉桥,8556fccd776913650nR63Ni_GA~~
宁夏安捷特种设备安全附件检测有限公司,安捷检测,银川市灵武市宁东镇,3a53e75746d2840e1nN80tm0E1M~
宁夏安立信电力技术有限公司,安立信,深圳市龙岗区南联,c95c083056f64a441nd739W_GVc~
宁夏安利森生物科技有限公司,,,
宁夏安品绿源农业科技有限公司,宁夏安品绿源农业科技,银川,a3af71de5315e0571XF50ti4E1U~
宁夏安普安全技术咨询有限公司,安普智信电气,河源市东源县徐洞,e41c23d064463f291HV93Nq7FVQ~
宁夏安谱检测有限公司,安谱检测,泰安,4ca9bbb97d4f87f71nZ43Nu-Flo~
宁夏安正科贸有限公司,安正时尚集团,武汉市武昌区武珞路,70e8a7a179ec743d0nJz3t-6GQ~~
宁夏奥格瑞电气自动化技术有限公司,,,
宁夏奥能新材料科技有限公司,奥能动力,南京市江宁区江宁滨江,d092a60b60e7a9f33nZ42t-8GA~~
宁夏奥群科技有限公司,奥群科技,银川市西夏区西花园,b964c8a4d88cda9e0nF83NS5FA~~
宁夏澳中健康产业有限公司,追觅科技,深圳市南山区科技园,845d728d2fc9cf661nF70tS5GFc~
宁夏巴斯孚科技发展有限公司,,,
宁夏百川电力股份有限公司,百川电力,银川市金凤区良田,0c3d6de72823da3b3nF72tq1EQ~~
宁夏百川通清洁能源有限公司,,,
宁夏百创信息技术有限公司,泸州百创科技有限公司,泸州市龙马潭区西南商贸城,9b8a4b8ed4319f6d03R53N6-ElQ~
宁夏百航馨劳务有限公司,宁夏百航馨劳务有...,银川市兴庆区湖滨街,7086693cdf2f1a8b1nx72Nu5FlE~
宁夏百润环保科技有限公司,百润环科,银川市金凤区新城,e7f80eb4ed3dbcb21XZ43N67FFE~
宁夏百旺中税科技有限公司,,,
宁夏百益生科技信息有限公司,百益生科技,固原,15842e0deaf9a64833J60t25Fw~~
宁夏百优珍选生物科技有限公司,百优珍选,银川市永宁县望远,abc1e93e8e0bc59f1H172dS5Fg~~
宁夏柏盛环保装备工程有限公司,柏盛环保装备工程,银川市兴庆区掌政镇,ed563dcc40f21a531nB63dW0E1I~
宁夏柏讯远通科贸有限公司,T云―宁夏运营中心,银川市兴庆区绿地21城,8606f062c4dbd59f1Xx939m6F1o~
宁夏嗤ㄐ畔⑾低秤邢薰司,嗤ㄐ畔,银川市金凤区开发区,846f72482fcd5b101H1_2t-9GQ~~
宁夏宝立科技设计研究院有限责任公司,宝立科技,咸宁,5342f3d824217eb01XR70t28
宁夏宝利兴能源利用有限公司,宝利兴,佛山市三水区三水万达广场,05788cc2ac209db11nNz3t27GA~~
宁夏宝通仁和技术有限公司,,,
宁夏宝芝红枸杞产业有限公司,,,
宁夏保利节能科技有限公司,保利物业,合肥市包河区大圩,3d453ffeb078248f1nV62NS9FVU~
宁夏保隆科技有限公司,上海保隆汽车科技...,上海,fb8cd944c4c24c561HR72d68EA~~
宁夏报业传媒集团文化科技创意有限公司,北京推介华美文化科技,北京市大兴区黄村,51d9cb1a3f376f521HZ73ti-E1Y~
宁夏报业传媒集团印刷有限公司,宁夏报业传媒集团...,银川,23bdb2b893aec0381nx63d28FFs~
宁夏北瓷新材料科技有限公司,北瓷科技,银川,f922155538dfbf061XR43NW9EVo~
宁夏北斗宇航科技有限公司,北斗宇航,惠州市惠城区江北,7a2b41ace363bd181n183dm5FA~~
宁夏北方高科工业有限公司,北方高科,银川,59c35d8558d5b0801nF_29m-FlU~
宁夏北方乳业有限责任公司,哈普惠,北京市朝阳区劲松,bea0f6caea71800b1Xd-09S0EFs~
宁夏北伏科技有限公司,北伏科技,银川,91d95dfe2c79e0bd0HN72Ny8Eg~~
宁夏北国环保节能有限公司,北国环保,银川市贺兰县德胜,67d4b00c690452460nF40tu5EA~~
宁夏北国检测服务有限公司,,,
宁夏北华瑞尔电气有限公司,,,
宁夏北极星化工有限公司,宁夏北极星化工有...,银川市贺兰县太阳城,9fabb0f4aa255d421XZ73tq_Fg~~
宁夏北起教育科技有限公司,,,
宁夏北仁生物科技有限公司,,,
宁夏北滩鲜农业发展有限公司,北滩鲜,银川市灵武市城区,a5e17f11bdbbdca01XN50ty6FlE~
宁夏北图科技有限公司,蚂蚁集团,北京市朝阳区花家地,4685d74590e9bc881nV43N-4EVo~
宁夏贝壳科技有限公司,贝壳找房,北京市海淀区上地,1a273aa156f51c001nVz09y1Flc~
宁夏贝瑞斯曼信息科技有限公司,宁夏贝瑞斯曼,南通,3573283724d8c3601Xd-3Nm6FVY~
宁夏贝易医疗器械有限公司,贝易,北京市朝阳区朝外,d2f84521ef0c2edf1Xdy09W1GQ~~
宁夏耐生态农业有限公司,汨罗市耐贸易,岳阳,248fa6ba20e98e3003Z52dS_EVc~
宁夏毕利格建设工程有限公司,,,
宁夏彬洋科技有限公司,彬洋科技,银川,1187301d847651271nZ80ti6E1s~
宁夏铂泽科技有限公司,铂泽科技,银川市金凤区良田,66cfbc6bb8d2c7c21Hd43tq0Eg~~
宁夏博安生物科技有限公司,博安生物科技,银川,626729e3c29438ee0HF83Ni9Ew~~
宁夏博晟伟业建设工程有限公司,,,
宁夏博得石膏研究院（有限公司）,,,
宁夏博尔特医疗测试研究院有限公司,宜春市博尔特速运...,宜春市袁州区东风路,4bfef7a5b96577a51nd63N29FVQ~
宁夏博尔特医疗研究院有限公司,宜春市博尔特速运...,宜春市袁州区东风路,4bfef7a5b96577a51nd63N29FVQ~
宁夏博工氟塑装备有限公司,博工氟塑,银川,b4c7612b14eda7fa1Xd83ty5GVI~
宁夏博科工程咨询有限公司,博科工程咨询有限公司,银川市兴庆区湖滨街,8351897ed2f436811XJ63tW4EFs~
宁夏博控自动化系统有限公司,广州博控,广州市南沙区珠江旧镇,8d84e1f186af7a7133dz3924
宁夏博瑞基业消防技术有限公司,,,
宁夏博瑞科技有限公司,宁夏博瑞科技有限公司,银川,ad48bbc429417f2b0HVz2dS4EA~~
宁夏博瑞饲料有限公司,宁夏博瑞科技有限公司,银川,ad48bbc429417f2b0HVz2dS4EA~~
宁夏博思高科技有限公司,Syntronic,北京市海淀区西北旺,4237bb0a29431bc60Xdz2Ny8
宁夏博思通智能科技有限公司,苏州博思通,苏州市吴江区同里,f3ca80351499fe841HVy39S7F1U~
宁夏博思通自动化技术有限公司,博思通,银川市金凤区开发区,1f3d559fdb3b0fab1XR43d27EVo~
宁夏博伟金属制品有限公司,张家口博伟汽车贸易,张家口市桥东区宁远机场,938da6f884cf99ed1HR_3Ni7EVM~
宁夏博旭实验室设备有限公司,博旭设备,银川,56bca5685f9eb8241nd_2d-5EFY~
宁夏博源众航水利工程咨询有限公司,,,
宁夏博远橡胶有限公司,辽阳博远教育咨询,辽阳,2b4151254b15c2e403Ry2dS7FVQ~
宁夏才运达机电泵业有限公司,,,
宁夏彩虹桥物联科技有限公司,彩虹桥幼儿园,朝阳,39029c78d683c7cd1nF-3dW0GFM~
宁夏菜鲜生生鲜配送有限公司,菜鲜生,银川市永宁县望远,0ffbcb944b25063b33R73tq-EQ~~
宁夏草原阿妈食品有限公司,,,
宁夏草源华禹食品有限公司,草源华禹,银川市永宁县望远,19028303947b3ea81XN62ti7EVQ~
宁夏测衡联合实业有限公司,,,
宁夏昌禾同盛科技有限公司,昌禾装饰,银川市金凤区悦海新天地,2fa098201a658cfc1XR42N25FVI~
宁夏昶蒂建设工程有限公司,,,
宁夏畅度教育科技有限公司,畅度教育,银川市金凤区阅海,e7faea516a207ecf1nx_29S7GFo~
宁夏畅兴泰照明科技有限公司,,,
宁夏超高压电力工程有限公司,南京瑞海文信息科...,广州市黄埔区科学城,5110588b03416e1503R-0925Ew~~
宁夏超合电力物资有限公司,康华绿源,北京市丰台区新发地,a97e4668e7d342e01nx-2Nq6EVc~
宁夏辰朗环保设备有限公司,辰朗电子商务,上饶市广丰区芦林,542155aa7b4ce4f11Xd73dS6ElQ~
宁夏晨禹水利水电建筑工程有限责任公司,晨禹水利,中卫,0383e5fa91bc13c61HJ52Nu9FVU~
宁夏成建建筑科技有限公司,成建电力,潍坊市坊子区佳乐家,5fb0fc27b644f0c51X1y2tW8FFo~
宁夏诚达建筑工程有限公司,老碗会陕西面食,深圳市光明区光明,db68987c0dc271fd1H172NS9FlA~
宁夏诚德汽车轴承制造有限公司,宁夏诚德汽车轴承制造,银川,decea9a589c39aa21XV63dq4F1o~
宁夏诚锋启航电力设备有限公司,,,
宁夏诚美佳工贸有限公司,永州诚美佳教育咨...,永州市宁远县宁远县中心城区,69e351da7b02b5dc1HV92dq7GVc~
宁夏诚盛电气有限公司,锦州诚盛建筑工程...,锦州市古塔区新玛特,6102bf47bbf9a3ab1nd92Nm7GVE~
宁夏诚顺达电力工程有限公司,诚顺达,银川市兴庆区东门,bfa3960a75a573a21nB53Ny9Flc~
宁夏城安建设工程有限公司,城安消防公司,银川市兴庆区绿地21城,fd42dbaa0e3055c30HJ7396_GQ~~
宁夏城际农业科技发展有限公司,华住酒店集团,北京市丰台区卢沟桥,5bd791e3512031691nN_0tu-
宁夏城建设计研究院（有限公司）,宁夏城建设计院,银川市兴庆区绿地21城,1eac94dbc56d3dad1H193N6-GVU~
宁夏城农网电力服务有限公司,宁夏城农网电力服务,银川市永宁县杨和,21c2826e69938b361Hdz3d-9E1o~
宁夏城市快线供应链科技有限公司,城市快线,广州市天河区小新塘,be93fb2b2e8da42403xz2d6_Fg~~
宁夏晟标认证服务有限公司,,,
宁夏晟博建工有限公司,,,
宁夏晟睿熙工贸有限公司,晟睿熙,银川,b8b30fb7017203bf1nF83dq-F1s~
宁夏晟睿熙科技有限公司,晟睿熙,银川,b8b30fb7017203bf1nF83dq-F1s~
宁夏铖锋钢构有限公司,,,
宁夏初心教育科技有限公司,初心儿童成长咨询,三门峡市湖滨区义乌商贸城,bc3c34c1cdcddceb1nd83tW6ElM~
宁夏厨佬哥食品加工有限公司,,,
宁夏储芯科技有限公司,,,
宁夏川流天下供应链管理有限公司,宁夏川流天下,银川市金凤区阅海,95c1c78a8e2047460XF_29m-GA~~
宁夏创成索福门业有限责任公司,,,
宁夏创格新材料科技有限公司,宁夏创格新材料科技,银川,30c466e77838a5291X183tq4GVE~
宁夏创科信息技术有限公司,北京华臣,北京市朝阳区三里屯,304cb07ff5f82de81HR82dS7F1Q~
宁夏创胜科技有限公司,,,
宁夏创新荣工贸有限公司,,,
宁夏创新伟业科技有限公司,,,
宁夏创耀信科技有限公司,创耀信,银川市金凤区宝湖市场,fc8f570e568580c003Nz3dW4GA~~
宁夏春田牧业有限公司,Spacelab失重餐厅,大连市甘井子区生态新城,3d2ec37cb31f6d961nZ_3t2_EFM~
宁夏达疆农业科技服务有限公司,达达集团,北京市通州区马驹桥,e1201ba8dcb6c0651nR42du-Ew~~
宁夏大北农科技实业有限公司,大北农,晋中,13e5924aa200a8da1nFz3ty4EFs~
宁夏大诚同方软件开发有限公司,宁夏大诚同方软件...,银川市金凤区人民广场,d79c24ca2895caa91nF92d-5EFo~
宁夏大诚至信新型建筑材料有限公司,,,
宁夏大地坤融科技有限公司,大地坤融,银川,060c040e797997671HB42tm1Eg~~
宁夏大多石油装备再制造有限公司,,,
宁夏大丰建筑装饰工程有限公司,,,
宁夏大光节能科技有限公司,大光,银川市永宁县望远,5394793e0f49f0ec1nV53t66Fls~
宁夏大河九洲文化传媒有限公司,,,
宁夏大润牧农产品开发有限公司,宁夏大润牧农产品开发,银川市兴庆区宝湖东路,463d4f5783b635671XZ43N28EVo~
宁夏大象电子商务有限公司,美团,北京市朝阳区望京,b633a34f787d94f21nZ_0929E1I~
宁夏大亚木业有限公司,济南大亚,济南市历城区建筑大学,d01fb6f0a3f077e433N-3NS9EQ~~
宁夏大一食品有限公司,,,
宁夏丹辰科技有限公司,宁夏丹辰科技有限公司,银川市兴庆区胜利街,d0d1d48a844bc05c1H1-2tW9EVM~
宁夏丹富粮油食品有限公司,,,
宁夏德财财税管理咨询有限公司,宁夏德财财税管理咨询,银川,21685bc36c6ccac41X153tq5E1M~
宁夏德晟邦安网络科技有限公司,宁夏德晟邦安网络科技,银川市金凤区万达,9bdd22426c1379820nN52t24EQ~~
宁夏德峰牧业有限公司,上海分众传媒,天津市南开区时代奥城,fc08119cbf7fa4d11X1z2NW9FQ~~
宁夏德坤环保科技实业集团有限公司,盒马鲜生,成都市温江区柳城,b3eeae786aedaa270XFz09m0
宁夏德坤环境技术研发有限公司,盒马鲜生,成都市温江区柳城,b3eeae786aedaa270XFz09m0
宁夏德朗宁铝业有限公司,宁夏德朗宁铝业,银川市永宁县望远,3c86ac9907be79241XR73tW8ElI~
宁夏德瑞斯智能科技有限公司,德瑞斯环境,济宁市兖州区大禹像,56400eafe17a052b1nB-3dy5ElY~
宁夏德森建设工程有限公司,武汉德森教育,随州,ef9fef786bb4f1d61nd62NW7GA~~
宁夏德圣亚科技有限公司,,,
宁夏德沃酒庄有限公司,,,
宁夏德云泽环保科技有限公司,,,
宁夏地德科技有限公司,,,
宁夏地丰生物科技有限公司,,,
宁夏地信科技有限公司,地信科技,银川市金凤区万达中心,41be4ca44642f7f51ndy2NW6F1o~
宁夏地质工程勘察院有限公司,,,
宁夏迪安医学检验中心有限公司,迪安诊断,杭州市西湖区三墩,26080874b142d52903V63dm9FlE~
宁夏第三建筑有限公司,上海昭扬医药,新乡市原阳县平原城乡一体化示范区,15d13852452c8c001XN52N66EFE~
宁夏电力能源科技有限公司,世纪创想网络,银川市金凤区开发区,c2bfa92da7f574af1Xd62Nq-GA~~
宁夏电通物联网科技股份有限公司,宁夏电通物联网公司,银川,c391fc5f95379ede1XB43NS0GFY~
宁夏电通信息产业有限公司,柯莱特集团,北京市丰台区菜户营,879cece58f6a7e7d1XR929W0
宁夏顶赛安全科技有限公司,宁夏顶赛安全科技...,银川,3ad56b275a2728370Hd93dy7GQ~~
宁夏鼎峰致远智能科技有限公司,鼎峰致远,银川市兴庆区绿地21城,a84a2cdcbc824ea633J42Ny-Fg~~
宁夏鼎弘供应链管理有限责任公司,鼎弘检测,六安市金安区正阳路,74c50ee685fa1d5f1nF62N-_Flc~
宁夏鼎宏包装制品有限公司,广东鼎宏金属科技,佛山市南海区里水,ad8a0a29b5c42bce1HB-3N21GVU~
宁夏鼎盛宁康奶牛养殖有限公司,,,
宁夏鼎顺金属制品有限公司,清苑区鼎顺五金店,保定,6991256e1fce139103V_09m7FlE~
宁夏鼎翔通信工程有限公司,鼎翔通信,银川,c9dbd8d6d717634b1XR53tS9GFo~
宁夏东峰钢结构工程有限公司,德邦快递,太原市迎泽区双塔,204e198ef9dccfbf03V53Nm4ElY~
宁夏东海建筑装饰工程有限公司,东海装饰,银川市金凤区大阅城,84e4307ec68421d91HJy39-5GA~~
宁夏东和化工科技有限公司,东和,银川,13af3d207e9f058d1nZy2Nm7GVs~
宁夏东狐知识产权咨询有限公司,山西东狐,太原市晋源区罗城,638d9cd706ea7b931HJ83dS-FFY~
宁夏东凯电力科技有限公司,新疆东凯汽车服务,喀什地区,ae8d928bdef2117e1HNy29y0E1M~
宁夏东来能源运输有限公司,辰宿传媒,北京市东城区王府井,47fba741a91cc98e03V-3ty8F1I~
宁夏董洋食品配送有限责任公司,赣榆区董洋汽车美...,连云港市赣榆区金陵国际广场,ffba1ccd295a2f6a03V509m1FFY~
宁夏动感飞扬文化传媒集团有限公司,,,
宁夏嘟嘟科技有限公司,沐野英扬,北京市延庆区延庆城区,b55f2eb5f0bd246f03R42Nm1FVA~
宁夏盾安拓克自动化科技有限公司,盾安拓克,银川市金凤区阅海,849925b83b0a488f1XZ-2N24FVE~
宁夏盾源聚芯半导体科技股份有限公司,盾源聚芯,杭州市滨江区长河,1c8e6b6eda9febbd1ndy0tq9FlM~
宁夏多力新型材料科技有限公司,佳格,抚州市临川区临川大道,4a8b86fe414921570nB629W1EA~~
宁夏多林科技服务有限公司,多林科技,银川市灵武市河东机场,bcb29380bfb551be1XV_39u8FFU~
宁夏多维药业有限公司,字节跳动,北京市海淀区学院路,f409f37f83a6135b0nV_2d25EA~~
宁夏多闻科技股份有限公司,多闻智能,北京市朝阳区太阳宫,792d78b75d8d32cc1HN_29m1F1A~
宁夏恩典应急物资制品有限公司,,,
宁夏恩曼科技有限公司,恩曼节能,太原市万柏林区千峰北路,6c5b174b1d42131a1XB63Ny0FFc~
宁夏恩泽教育信息科技有限公司,恩泽教育,银川市金凤区新城,4ed04f64001c0a1b1nB-2t--FFA~
宁夏凡天网络科技发展有限公司,宁夏凡天网络科技,银川市金凤区开发区,05e6b9252845193c03B62dm0FA~~
宁夏泛恩智控科技有限公司,泛恩智控,银川市金凤区宝湖市场,1bdb48eb83b779971XR729W7EVs~
宁夏泛在科技有限责任公司,中科能电,太原市小店区平阳,4d0d2f331431f4ae03x72tq6EA~~
宁夏方博科技有限公司,FBO,深圳市宝安区沙井,f88175c074e4c12f1nF52Nu-FFs~
宁夏方达信息系统工程有限公司,睿服科技,广州市海珠区琶洲,4920386cfa32ecf81nNz09-9EA~~
宁夏方盛管业有限公司,鑫朋五金,北京市大兴区庞各庄,2da86855ef37ced03nR83tW8Eg~~
宁夏飞浩园管道科技有限公司,,,
宁夏飞龙海大数据科技有限公司,宁夏飞龙海,银川,de5df2a79b1996ce1Xd-3926EVA~
宁夏飞龙海信息技术发展有限公司,宁夏飞龙海信息技...,银川市金凤区宝湖市场,cf0d901f7c1e3cef1nxy3t25E1U~
宁夏飞通信息科技有限公司,江苏飞通技术有限公司,北京市顺义区马坡,4e57062569a111a51XV80t2_GFE~
宁夏飞岩锦诚科技有限公司,,,
宁夏菲华通自动化控制有限公司,,,
宁夏菲杰特检测有限公司,宁夏菲杰特检测有...,银川市西夏区西花园,7392ea96e1d6cd5a1nN-2d24E1A~
宁夏菲特电子产品有限公司,菲特公司,银川市金凤区新城,21ada487b804112c1nJ63dq9FFA~
宁夏丰源办公家具制造有限公司,宁夏丰源办公家具公司,银川,5f04cf8088569ae71HJ92tW4ElU~
宁夏丰植源现代农业科技开发有限公司,宁夏丰植源现代农业,银川,fabe25d59a7ec8901XV90ty-ElY~
宁夏峰火科技服务有限责任公司,峰火科技,北京市门头沟区龙泉,c6c63fbea8df045103R-3NW-FFs~
宁夏峰瑞牧业有限公司,峰瑞环保,玉林,5163e339ac14b0471Xd639--EFY~
宁夏烽火台数据信息技术有限责任公司,烽火台,兰州市城关区天庆嘉园,baabd80a13ba73810HBy2dS1EA~~
宁夏锋利信息技术服务有限公司,宁夏锋利信息技术,银川市金凤区阅海,c60e0c230050db091HJ73N24EA~~
宁夏凤城装备制造有限公司,凤城装备制造,银川市西夏区北京西路,699026438aadc7a11XZ63di_F1Y~
宁夏凤凰天地设备技术有限责任公司,凤凰天地,银川市金凤区新城,eb27062687a12f911Xx40tq8GFQ~
宁夏凤仪堂生物医药有限公司,凤仪生物,银川,68868abb1148ffe20HV62N-1GQ~~
宁夏弗伦凯尔机械设备有限公司,,,
宁夏福得多玻璃有限公司,,,
宁夏福德电气科技有限公司,福德电气,银川市金凤区宝湖市场,1a494860f42b18b01XZ50ty6GFo~
宁夏福聚多玻璃科技有限公司,东莞市福聚多汽车设备,东莞,bd49afa3a8210a3b1HF-39u8FVA~
宁夏福美环保材料有限公司,石药大药房,石家庄市栾城区栾城区中心城区,be41f42bccefe4261nd_2t--FVU~
宁夏福宁工程设计咨询有限公司,福宁供应链,上海市青浦区华新,3761c625c615a30b1nZ6096-GFE~
宁夏福思泰智能装备有限公司,福思泰,惠州市惠城区河南岸,41b6c9543e3c0e4c1HBz2ty7EQ~~
宁夏福兴神农食品有限公司,福兴神农食品,银川,3a8dc4fe2838132c0HB639y6FA~~
宁夏富疆种业有限公司,,,
宁夏富利莱家具制造有限公司,富利莱,银川市金凤区宝湖市场,2768b55365d9ed561nFz29y1FVM~
宁夏富隆德流体科技有限公司,,,
宁夏富盛源农业发展有限公司,东安县富盛源商贸行,永州市东安县东安县中心城区,4da0fc3dfa5b117d1HZ62d28GVA~
宁夏富时罗广告传媒有限公司,,,
宁夏富仕丰科技有限公司,富仕丰科技有限公司,银川市金凤区阅海,1f4731aac2d850e91nJ-29m8F1s~
宁夏富水化工科技有限公司,国泰海通贵州分公司,贵阳,c3efb013539ab65403V-0tW7EFE~
宁夏富杨食品有限公司,富杨食品,宿迁,4ca9ac4d9fbbfb8e1Xxz09S_Elc~
宁夏甘定起重机设备有限公司,甘定起重机,银川市金凤区新城,d26b9120bfebc8fc0HZ40tm5FQ~~
宁夏高创特能源科技有限公司,,,
宁夏高德电缆有限公司,阿里巴巴集团,北京市朝阳区望京,5d627415a46b4a750nJ9
宁夏高鸿科技有限公司,高鸿科技,银川市兴庆区宝湖东路,30af1a4a543f654a1XB929S0E1Y~
宁夏高源银色高地葡萄酒庄有限公司,银色高地,银川市金凤区人民广场,9dd320cca69b9c9233x62tW1Eg~~
宁夏工业和信息化研究院有限公司,宁夏建筑设计研究院,银川市金凤区阅海,c92c3906afc05d9c0nF839m5FQ~~
宁夏工业设计院有限责任公司,宁夏建筑设计研究院,银川市金凤区阅海,c92c3906afc05d9c0nF839m5FQ~~
宁夏公路工程质量检测中心(有限公司),宁夏公路工程质量...,银川市兴庆区南门广场,bb801d2942ab29581HB62dy-EFo~
宁夏公路工程质量检测中心（有限公司）,宁夏公路工程质量...,银川市兴庆区南门广场,bb801d2942ab29581HB62dy-EFo~
宁夏公路勘察设计院有限责任公司,宁夏建筑设计研究院,银川市金凤区阅海,c92c3906afc05d9c0nF839m5FQ~~
宁夏拱福生态科技有限公司,,,
宁夏共享化工有限公司,哈普惠,北京市朝阳区百子湾,bea0f6caea71800b1Xd-09S0EFs~
宁夏共享机床辅机有限公司,哈普惠,北京市朝阳区百子湾,bea0f6caea71800b1Xd-09S0EFs~
宁夏共享精密加工有限公司,哈普惠,北京市朝阳区百子湾,bea0f6caea71800b1Xd-09S0EFs~
宁夏共享能源有限公司,哈普惠,北京市朝阳区百子湾,bea0f6caea71800b1Xd-09S0EFs~
宁夏共赢通工业新材料有限公司,共赢通,银川,2fb4dfde9a007f531HV53dW-GVE~
宁夏谷芝科技有限公司,,,
宁夏固德金属结构工程有限公司,固德金属,银川,81b6e3be80f4e7461XZ639y9F1U~
宁夏观天融创信息技术有限公司,观天融创,银川市金凤区新城,e395e394ba5c988b1nN_39u7EFQ~
宁夏光驰科技有限公司,光驰科技,石家庄市鹿泉区经济开发区,2a9a9afb9bccb03203R40968ElI~
宁夏光达合汇科技有限公司,,,
宁夏光瑞网络科技有限公司,宁夏光瑞,银川市金凤区新城,49fe0061161a30c51nd42dq_E1Q~
宁夏广庆食品有限公司,广庆装饰,廊坊市广阳区步行街,c156c810dea7191f1H142Ny9ElM~
宁夏广天夏科技股份有限公司,广天夏深圳分公司,深圳市南山区西丽,c081d2d1f1efc2e71XNy2di8GVE~
宁夏广银米业有限公司,广银米业,银川,cd9e02d10fb85ba10HZ_2Nq8FQ~~
宁夏广筑予景建筑咨询有限公司,,,
宁夏贵军农牧有限公司,,,
宁夏国斌亚琦纺织有限公司,,,
宁夏国富汇信息科技发展有限公司,,,
宁夏国富建设工程有限公司,北京国富会计师事...,厦门市思明区白鹭洲公园,4bcb805e704f73a41Xx-2di0GVQ~
宁夏国基建设工程有限公司,宁夏国基建设工程,银川市金凤区阅海,7955e19d252255161XBz39S0ElA~
宁夏国通数智科技有限公司,国通数智,银川,001f939bfc8698301XV63t29EVc~
宁夏国投金融科技服务有限公司,北京佳竣家政服务,北京市西城区西直门,cd7b80ded436b3691H152Nu7F1Y~
宁夏国新环境工程有限公司,,,
宁夏国信检研科技有限公司,,,
宁夏国源科技有限公司,宁夏国源科技有限公司,银川,3ca0a1aef366400e1nJ_2dy-GVU~
宁夏海归科技孵化器有限公司,,,
宁夏海量智能科技有限公司,河南省顺仟文化传媒,北京市丰台区大红门,d9aee270dcd9dc7003Ry096-FlA~
宁夏海美祥建设工程有限公司,,,
宁夏海森建材有限公司,泸州海森机械,泸州,46bac30ff737ca031nd6296_FlQ~
宁夏海通电子科技有限公司,,,
宁夏海沃空间企业管理有限公司,海沃空间,银川市金凤区万达,8bef008a8b7d555903Fy2tq4Fw~~
宁夏海洋线缆有限公司,,,
宁夏海永生态农牧科技有限公司,海永信息咨询有限公司,梅州市梅江区三角地,6bad87ad177ddcce03R5096_ElQ~
宁夏海之源生物科技有限公司,海之源,银川市西夏区西花园,e2d0861850894b8b1Xx739i4FFA~
宁夏涵韬科技有限公司,宁夏涵韬科技有限公司,银川,a8e6798ff39df0dc03R-2dm7EVU~
宁夏汉威科交通科技有限公司,汉威科,银川市永宁县望远,617763c2c036c33e0XZ_39u-FQ~~
宁夏汉尧富锂科技有限责任公司,,,
宁夏翰和建设工程有限公司,翰和建设,银川市金凤区阅海,a5f660f0d5d07bfa1Xxy2tW6E1o~
宁夏瀚翔伟业建筑工程有限公司,,,
宁夏夯中岩土工程有限公司,夯中岩土,银川市兴庆区玉皇阁北街,d0de32ea3a52b88c1Hd72N-6FlQ~
宁夏航帆实业有限公司,保山航帆,保山,d87e2c6328fca30b1Xd60920ElU~
宁夏航海科技有限公司,腾讯,北京市海淀区上地,64bfe11d3d8b5b6e1XV629u4F1A~
宁夏航锦科技发展有限公司,航锦教育,成都市金牛区抚琴,f9d7ec9b56d3e4421nZ-3tq_GVY~
宁夏航空食品有限公司,,,
宁夏航天数景信息技术有限公司,星空互联,银川市兴庆区新华,9cff1933c55a35771H1y396-EFc~
宁夏航天信息有限公司,宁夏航信,固原市原州区上东海,1f6cec20791488711nN709m6FVA~
宁夏好光景光电科技有限公司,好光景照明,绵阳,0e6800194b6ff3fd1nVy29-0GVo~
宁夏好家乡生态农业科技发展有限公司,好家乡超市哈密店,哈密市伊州区领先,8f7ab483bf33c6341nZy39W0E1c~
宁夏昊标检测服务研究院(有限公司),,,
宁夏昊标检测服务研究院（有限公司）,,,
宁夏昊昌机械再制造有限公司,河南昊昌供应链管理,洛阳市洛龙区英才路,82164a63d71fe5fc1X1539i9GVI~
宁夏昊海天诚信息技术有限公司,,,
宁夏昊盛达农牧有限公司,,,
宁夏昊王米业集团有限公司,昊王纸业有限公司,吴忠,068e06ccedd1f55e0XB_3Nq7EQ~~
宁夏昊新牧业有限公司,台州昊新,台州市椒江区东商务区,ef7e0407f1cc85971HJy0t27GVQ~
宁夏昊旭畜牧养殖有限责任公司,昊旭三川食品有限公司,德阳,12298202b744b7f41XV72dy7ElQ~
宁夏昊玉种业股份有限公司,,,
宁夏昊玉种业有限公司,,,
宁夏昊裕油脂有限公司,,,
宁夏昊允天生物科技有限公司,,,
宁夏浩民网络科技有限公司,临沂浩民包装材料,临沂市罗庄区临沂高新区,91ed970b57e2d0281XJz3N-0EVA~
宁夏浩荣飞科技有限公司,,,
宁夏浩润佰鼎招标代理有限公司,宁夏浩润佰鼎招标代理,银川,7c66e03242a233421H1y29-1FFQ~
宁夏浩宜新建设工程有限公司,浩宜新,银川,35eab807ef20f59d1nJ639S8EFY~
宁夏顺建设有限公司,顺,银川市金凤区阅海,361e4c5dbbbc679b1HN80ty_E1A~
宁夏合成生物科技有限公司,康龙化成,北京市大兴区亦庄,2d72b7824b49054f0XRz2N21
宁夏合汇新材料科技有限公司,,,
宁夏合牧农业科技有限公司,浙江合牧农业发展,金华市婺城区白龙桥,e1ed0151e29dd9671H192dW-ElA~
宁夏合强伟业信息产业公司,,,
宁夏合义诚电器有限公司,,,
宁夏合智激光科技有限公司,北京四方继保股份,北京市海淀区上地,d66c2afe9195721a1HZz396_
宁夏合众赢工贸有限公司,宁夏合众赢工贸,银川市永宁县望远,06e0be76b3608f2b1XF-3dy-GVQ~
宁夏和光同瑞数字科技有限公司,宁夏解忧数字科技,银川市金凤区开发区,e69486565372dea21nd-29-0E1Q~
宁夏和君纵达数据科技有限公司,,,
宁夏和仁堂口腔门诊有限公司,,,
宁夏和瑞包装有限公司,,,
宁夏和谐联工贸有限公司,宁夏和谐联,银川市贺兰县颐和苑,6806f1fdf8749d4f0XZ429i6EA~~
宁夏和信通机电设备有限公司,宁夏和信通机电设备,吴忠,59e898e1cb76ad6303d60t65EFQ~
宁夏河海工程咨询管理有限公司,海底捞餐饮,德州市齐河县晏城,7b3ef9d7d35c486e1XZ93d67Fw~~
宁夏贺丰种业有限公司,宁夏贺丰种业有限公司,银川,0877a298089e541303R72t2-EFM~
宁夏贺兰山东麓葡萄酒产业技术创新中心（有限公司）,,,
宁夏贺兰山东麓葡萄酒产业技术创新中心有限公司,,,
宁夏贺兰山国家森林公园有限公司,,,
宁夏鹤泉葡萄酒有限公司,,,
宁夏恒康科技有限公司,恒康科技,银川,5a5194f006efbc941ndy0969F1Q~
宁夏恒力祥自控工程科技服务有限公司,恒力科技,银川市西夏区北京西路,7944c9b1a66419a90XJz3du6EQ~~
宁夏恒盛大通工贸有限公司,,,
宁夏恒泰化工设备有限公司,北京圆东晨餐饮,北京市通州区次渠,a678d6f0ceaff9151XZ-3dW-FVo~
宁夏恒泰生物科技有限公司,恒泰,银川,1ce15ecf923762771nd_3d67FFQ~
宁夏恒为电力工程设计有限公司,恒为电力,银川市金凤区新城,e4beffbbb226faa31HR62dW9F1I~
宁夏恒兴世纪科技服务有限公司,恒兴世纪,银川市金凤区宝湖市场,8314e4ad8ce2e98f1nBz3Ny6E1s~
宁夏恒耀建设工程有限公司,恒耀建筑材料,盐城市建湖县人民路,918364bcf04faf610XB43tW6Eg~~
宁夏恒亿泰机房设备有限公司,,,
宁夏衡通计量检测有限公司,衡通设计公司,衡阳市石鼓区石鼓广场,b00bb0641c41f0781XR93Ny8EVA~
宁夏弘地设计院有限公司,宁夏弘地设计院,银川市兴庆区新二中,9d1414affa8575460XZ42d-1GA~~
宁夏弘茂特种设备检验检测有限公司,弘茂特检,银川市兴庆区附属医院,96be3978d8542b2e1Xx42t-9GQ~~
宁夏弘泽农业开发有限公司,弘泽农业,银川,d67cd7c4ac7a65b803B42ty9Fw~~
宁夏红禾种子有限公司,红禾种子,银川,9d94a5814327231b0XB-2dy5FA~~
宁夏红松鼠网络科技有限公司,红松鼠少儿美术,新乡市卫滨区中原路沿线,02802e9e5965a0291nZ42dm5GVo~
宁夏红泰通达玻璃有限公司,,,
宁夏红阳合粮油有限公司,,,
宁夏宏德环境科技股份有限公司,宏德饲料,汕头,ce89e4591d16d26b1HF40tW_GFA~
宁夏宏德环境科技有限公司,宏德饲料,汕头,ce89e4591d16d26b1HF40tW_GFA~
宁夏宏茂农林科技有限公司,宁夏宏茂,银川市兴庆区中国银川国际商贸城,4781e280a5bb22be1XR83N-7GQ~~
宁夏宏瑞建设工程有限公司,宏瑞包装,滨州市邹平市青阳镇,63ab8436ac0a85801nB63dW6FFY~
宁夏宏信亿诚实业有限公司,宁夏宏信亿诚实业...,银川市金凤区民生花园,1d4990ef9bb557c11nJ_0ti7GFY~
宁夏宏亚至诚知识产权服务有限公司,宏亚至诚,银川市兴庆区新华,d3fb2db2fcb018750HB83dq9Fg~~
宁夏宏宇智创科技有限公司,宏宇,银川,1a0f9226aeb89dab1nd-0ty6FFo~
宁夏宏禹工程检测有限公司,蚌埠宏禹装饰工程,蚌埠市怀远县怀远县政府,ba5541426554d2571XB42926FFU~
宁夏宏禹检测技术有限公司,四会市宏禹水利水...,肇庆市四会市城中,db1d26a64fb4551f1HR43di7EFo~
宁夏宏源建科检测有限公司,,,
宁夏宏源长城机床有限公司,,,
宁夏泓盈视联科技有限公司,,,
宁夏洪栋农业机械有限公司,,,
宁夏纳环保科技有限公司,,,
宁夏鸿沣危险货物运输有限公司,宁夏鸿沣危险货物运输,银川市贺兰县德胜,6e9db64d43c197501Xd439m8EFc~
宁夏鸿科网络科技有限公司,管盈,北京市海淀区上地,9f34f2028574a58833B629y_
宁夏鸿荣乡情农牧产销专业合作社,,,
宁夏鸿睿鑫电子科技有限责任公司,宁夏鸿睿鑫,银川市金凤区开发区,55b0941056f9b2e21XV-3tm6GVQ~
宁夏鸿旭环境技术有限公司,宁夏鸿旭环境技术,银川市金凤区新城,05ecc1e9c6e164a11XJy29u5Elc~
宁夏鸿雅创新科技有限公司,,,
宁夏鸿缘祥食品科技有限公司,,,
宁夏鸿泽新科技有限公司,襄阳鸿泽,襄阳市襄城区闸口,6ca2efdb55faacfe1nB83NW-GFU~
宁夏厚德环保科技有限公司,厚德交通,北京市通州区玉桥,c7d8d33b4fdaebcf1nF-3Nu0ElU~
宁夏厚生记枸杞饮品股份有限公司,,,
宁夏厚生记食品有限公司,厚生记食品,银川,f166ae01e95389d61XR5392-
宁夏厚壹农业科技发展有限公司,,,
宁夏厚源自控科技有限公司,,,
宁夏华澳牧业有限公司,万物云,北京市海淀区四季青,4a3b8f2934b5ca341nZ83NW5FFo~
宁夏华晟节能环保科技有限公司,华晟塑胶,宣城市宁国市南山,e64011f6b69fafa41nVy2du5FVA~
宁夏华鼎环保科技有限公司,华鼎检测,银川市金凤区新城,0ca6a7602c09cffa1nRy2961GVA~
宁夏华冠工程有限公司,爱回收,北京市丰台区花乡,a3793c3f60336a8b1nJ63NW7GFU~
宁夏华昊生物科技有限公司,华昊生物,银川,5ca00d8e2b8fad541XV_2d20EVE~
宁夏华辉环保科技股份有限公司,华辉机械,咸阳,532feba90a2ee69a0nFz0927Ew~~
宁夏华锦售电有限公司,宁夏华锦售电有限公司,银川,628c7f656fdb1abb1XV90968Els~
宁夏华琳源农牧有限公司,中卫市华琳源农牧,中卫,14879fccf0cc8e5b1XB-0t2_EFA~
宁夏华淼建设工程有限公司,华淼建设,银川市兴庆区绿地21城,edced647447bb5d11HZ43d-6F1U~
宁夏华能达环保科技开发有限公司,宁夏华能达,银川,581a199801090fd01XR539S_E1Y~
宁夏华嵌信息科技有限公司,宁夏华嵌信息科技...,银川市西夏区同心路,374426614b39624b1nN_2dy_EFY~
宁夏华瑞农农业开发有限公司,华瑞农牧,呼和浩特市玉泉区南茶坊,52e20926ab0b629b3nd40tm-Fw~~
宁夏华瑞星建筑景观工程有限公司,,,
宁夏华盛牧歌饲料有限公司,华盛牧歌,吴忠,6a18aad0519271091Xx629i9EVU~
宁夏华盛星美文化传媒有限公司,华盛星美,银川市金凤区阅海,093df3028bb935383nR739u1Fg~~
宁夏华泰家俱制造有限公司,华泰龙,银川市贺兰县颐和苑,2783b6b7ee4415291Hx62d-4EA~~
宁夏华图测绘有限公司,华图教育,北京市海淀区中关村,356523d405c0d8481HVy3dW8EVE~
宁夏华望生物科技有限公司,华望科技,北京市海淀区学院路,f08ec98e4d4169f90X153Nq5FA~~
宁夏华西振兴水利建筑实业有限公司,,,
宁夏华鑫融通科技有限公司,宁夏华鑫融通科技,银川,98673f3fcf5da18d03Fz09q5
宁夏华信达健康科技有限公司,,,
宁夏华严趣链科技有限公司,华严趣链,银川市金凤区新城,9d58c58db73ed22e1Xx_3d6_EFs~
宁夏华洋砼业有限公司,,,
宁夏华业精细化学科技有限公司,,,
宁夏华溢新材料科技有限公司,益阳市华溢汽车销...,益阳市赫山区桃花仑东路,a1705323e5b910551nF42N66Els~
宁夏华缨信息技术有限公司,,,
宁夏华裕环保科技有限公司,摩查科技,上海市浦东新区金桥,31bc09431e280cd81XR529S8EVE~
宁夏华源万盛电力设计有限公司,华源万盛电力设计,银川市金凤区新城,07ab50b3e888945a1nFy2ti5FVI~
宁夏华远数绘科技有限责任公司,,,
宁夏环保集团城市服务有限公司,宁夏环保城服,银川,5ed649e418fb54b51nV92Ni_E1A~
宁夏环保集团有限责任公司,宁夏钢铁,中卫,c710b87e40985bc503B42Nq_GA~~
宁夏环境科学研究院（有限责任公司）,宁夏建筑设计研究院,银川市金凤区阅海,c92c3906afc05d9c0nF839m5FQ~~
宁夏环筑建设有限公司,环筑建设,银川,c37ee9ad1c77404503B_0ti4EVM~
宁夏幻影云科技有限公司,,,
宁夏唤希文化科技有限公司,唤希娱乐管理,三亚,1eae1b2c394a289d1Hd53Nq8GVE~
宁夏黄河玫瑰园林工程科技有限公司,,,
宁夏灰熊智能制造有限公司,聊城市灰熊体育文...,聊城市东昌府区开发区,f524cd3b80d906161HJ609q5EFo~
宁夏辉熠建设工程有限公司,辉熠教育,合肥市包河区常青,dd29d0cd74954c560nZ-292-Fw~~
宁夏辉宇鑫建材有限公司,宁夏辉宇鑫三原分公司,咸阳,c84763cb0150f4503nd_2t66Fw~~
宁夏回族自治区电力设计院有限公司,宁夏安全生产技术...,银川市金凤区开发区,89a6db5ecb2577d11XZ63tW-ElA~
宁夏回族自治区石油化工环境科学研究院股份有限公司,宁夏安全生产技术...,银川市金凤区开发区,89a6db5ecb2577d11XZ63tW-ElA~
宁夏回族自治区水产研究所（有限公司）,宁夏安全生产技术...,银川市金凤区开发区,89a6db5ecb2577d11XZ63tW-ElA~
宁夏回族自治区通信产业服务有限公司,中国通服宁夏公司,银川市灵武市宁东镇,7e264f8d1e0531680Hx63tS7
宁夏汇邦泽软件科技有限公司,,,
宁夏汇晟环保科技有限公司,宁夏汇晟环保科技,银川市兴庆区解放西街,4dd9a2b04a86dc621XNz0t67EVU~
宁夏汇川服装有限公司,汇川技术,苏州市吴中区太湖新城（吴中）,51148f5b7a4421193nR93925FA~~
宁夏汇达线缆有限公司,汇达线缆,银川,e3deaa1b3db95d781XJy29S8FVU~
宁夏汇力达工业智能控制技术有限公司,,,
宁夏汇力能源科技有限公司,宁夏汇力,银川,265e13d960f283081Hdz29y9FFU~
宁夏汇能朋博能源有限公司,,,
宁夏汇融升智能科技有限公司,汇融升,上海市浦东新区陆家嘴,186c6a33766bf73e1HF72NS9FlY~
宁夏汇信德科技咨询服务有限公司,汇信德科技咨询,银川,92e8fff03dfbe4360HZ909W1GA~~
宁夏汇岩达环保节能咨询有限公司,,,
宁夏汇智云端科技有限公司,,,
宁夏惠泽招科技发展有限公司,宁夏惠泽招科技发展,银川市金凤区新城,d9e3e0ad00f98c601HRz0tu5GFE~
宁夏慧图科技有限公司,慧图科技,北京市丰台区丽泽,ebc3344cc40079611nd62Nq5EVA~
宁夏慧玩网络科技有限公司,宁夏慧玩科技,银川市兴庆区金茂建材城,3bd0348e64259aaf0Xx52NW8EA~~
宁夏慧雅居智能科技有限公司,慧雅居,银川市金凤区人民广场,5c85d17b57c121ee1HZ-0tm-FA~~
宁夏慧英电力有限公司,宁夏慧英电力有限公司,银川市金凤区新城,dce33ce4c25f81991H1929q7FVs~
宁夏慧源建设工程研究院(有限公司),慧源企业,郑州市金水区经三路沿线,b35542d22bbcce421nVy0ti6FVo~
宁夏慧源建设工程研究院（有限公司）,慧源企业,郑州市金水区经三路沿线,b35542d22bbcce421nVy0ti6FVo~
宁夏慧源项目管理有限公司,慧源企业,郑州市金水区经三路沿线,b35542d22bbcce421nVy0ti6FVo~
宁夏机械研究院股份有限公司,宁夏建筑设计研究院,银川市金凤区阅海,c92c3906afc05d9c0nF839m5FQ~~
宁夏机要印刷有限公司,神州医疗,北京市海淀区苏州桥,aeb59fc4a6029a4a1nV80ti_FFQ~
宁夏吉虎科技有限公司,吉虎科技,吴忠市利通区两馆一中心,bb28fd7561e06de60XF929i8FA~~
宁夏极客空间建筑科技有限公司,极客空间,北京市大兴区亦庄,454c39fe32840cad0nJ92d64FQ~~
宁夏集佳环保科技有限公司,集佳知识产权,北京,e1509856f3c800021nNz3dq_
宁夏几字湾数字科技有限公司,几字湾,金华市义乌市义乌机场,9dc56a5ed2ea416133152Nu4GQ~~
宁夏计算机软件与技术服务有限公司,大世界,银川市贺兰县德胜,9db2221a2bbd08d93nB609y1Ew~~
宁夏济川中科环保科技有限公司,,,
宁夏加速科技有限公司,字节跳动,北京市海淀区中关村,f409f37f83a6135b0nV_2d25EA~~
宁夏佳华铝业有限公司,百佳华集团,深圳市龙华区观澜,6f62aec6e367b68e1nZ639S4FQ~~
宁夏佳瓴科技发展有限公司,嘉兴佳瓴建设,宁波市镇海区蛟川,a523dbe730bd8e431HJ90tW1FVM~
宁夏佳仕德水处理科技有限公司,,,
宁夏佳智星科技有限公司,佳智星科技,银川,e179b2222fc4be0333B82d-6Eg~~
宁夏迦南美地酒庄有限公司,,,
宁夏家安生物科技有限公司,,,
宁夏家家食用油有限公司,家家食用油,银川市金凤区良田,135199a7b68a11bb1nZy39y_E1A~
宁夏家苗跃农机作业服务有限公司,,,
宁夏嘉宝信金融仓储有限公司,,,
宁夏嘉地酒园酒庄有限公司,嘉地酒园,银川,a8894907024814d31nN-2ty6FVY~
宁夏嘉立特环保技术有限公司,,,
宁夏嘉隆建筑工程有限责任公司,,,
宁夏嘉农环保科技有限公司,,,
宁夏嘉适元物联科技有限公司,嘉适元物联,银川市金凤区新城,d89d7f84e188b69e1HR809m-EA~~
宁夏简墨碳素新材有限公司,,,
宁夏建博装配式科技有限公司,宁夏建博,银川,a62a8c0253a6094b1XF52dS7F1I~
宁夏建成建材有限责任公司,,,
宁夏建成砼业有限公司,,,
宁夏建大科技有限公司,西安领军教育培训中心,西安市碑林区太乙路,6cb8fb211a6760891nNz2dm8GVA~
宁夏建设投资集团钢结构有限公司,宁夏钢铁,中卫,c710b87e40985bc503B42Nq_GA~~
宁夏建设投资集团岩土工程有限公司,宁夏钢铁,中卫,c710b87e40985bc503B42Nq_GA~~
宁夏建设投资集团装饰工程有限公司,,,
宁夏建投设计研究总院（有限公司）,中信建投证券,北京市东城区朝阳门,18d63def57edb25f1X1y3Nk~
宁夏建兴环保科技有限公司,,,
宁夏建筑材料产品质量监督检验站有限公司,宁夏建筑材料产品...,银川市兴庆区解放西街,8afba6f781cabe2b1Xx42tu7FFE~
宁夏建筑科学研究院集团股份有限公司,宁夏建筑科学研究院,银川,01b70dc745e7f5191XVz3dS7Flo~
宁夏健力肽生物科技有限公司,,,
宁夏江东朔科技有限公司,宁夏江东朔科技,银川市兴庆区解放西街,3e1ea611173c20301XV62920EFs~
宁夏交建交通科技研究院有限公司,,,
宁夏交通科学研究所有限公司,宁夏交科,银川市兴庆区北门金三角,3b90851834ad14de1XN53du9GFc~
宁夏交投科技发展有限公司,宁夏交投科技上海公司,银川市金凤区宝湖市场,cf41c0bf4cee62271HJ62di9E1A~
宁夏角弓鸣电子竞技产业发展有限公司,角弓鸣科技,重庆市巴南区鱼洞,dfe3340b14785c451HV93Nm9Flc~
宁夏杰佳信息技术发展有限公司,宁夏杰佳,银川市金凤区新城,f5079ef20e9f30dc1nB62Nu-EVo~
宁夏杰力自动化设备有限公司,,,
宁夏杰农种业科技有限公司,杰农种业,昌吉回族自治州,161c2162fc0a30ed1nx_3dm6F1A~
宁夏杰申精密机械有限公司,杰申精密,银川市西夏区西花园,db3770e4a170dcfc1HF_3tm4EFU~
宁夏杰唯智能科技有限公司,,,
宁夏杰讯软件科技有限公司,,,
宁夏洁境科技有限公司,宁夏洁境科技有限公司,银川,83cf1623ae46ba2c1XF63NS_EFI~
宁夏洁之安环境治理服务有限公司,,,
宁夏捷能通数字科技有限公司,宁夏捷能通数字科技,厦门市思明区湖滨南路,017299557b76c17903B-3tm5F1s~
宁夏金诚杰软件开发有限公司,宁夏金诚杰,银川市兴庆区中国银川国际商贸城,9daaab936722586a0HN72N65FQ~~
宁夏金川交联线缆科技有限公司,,,
宁夏金丰易化工有限公司,,,
宁夏金海农牧科技有限公司,,,
宁夏金海皮业有限责任公司,,,
宁夏金凯胜工贸有限公司,金凯胜工贸,银川,7e691888b3e1c5f01XZy2dW1Fw~~
宁夏金科广汇科技有限公司,金科广汇,银川市兴庆区附属医院,c1be87bae9e58f9a1nJ-0927ElE~
宁夏金灵州种业有限公司,宁夏金灵州种业,吴忠,b138ce4b2ac045d21HR53dS0EVM~
宁夏金目鼎盛智能科技有限公司,,,
宁夏金苹果科技发展有限公司,金苹果蛋糕店,乌海市海勃湾区狮城大街,ebd6f649a312bc641HFy2dm6FA~~
宁夏金瑞宸建筑工程有限公司,,,
宁夏金润昌科技有限公司,金润昌,银川市金凤区宝湖市场,3cf5d33e48f683c303Z629S5EQ~~
宁夏金圣华机械科技有限公司,上海金圣华,上海市静安区静安寺,9ac3cdc051d05e7833J_29-7GA~~
宁夏金双禾粮油有限公司,金双禾,银川,f4a1753d4ee1bcda1nB62NS4EFQ~
宁夏金丝路大数据科技有限责任公司,金丝路供应链,银川市金凤区万达中心,490635071dfa7cb71nx82d66EVs~
宁夏金拓路文化科技有限公司,宁夏金拓路商业管理,吴忠市利通区中达广场,184f3a5f91f4473e03Vy292_GFQ~
宁夏金太阳药业有限公司,宁夏金太阳药业,香港,cf10c443d722274f03Zz2NW6F1o~
宁夏金夏米业有限公司,厦门厦临贸易有限公司,防城港市港口区北部湾大道,4ff81236cd1254ff1Hd40tS6GFo~
宁夏金芯技术有限公司,,,
宁夏金兴顺牧业有限公司,金兴顺,中山市黄圃镇兴圃大道西,e7f13763363fb8b81Hdy2Nq9E1E~
宁夏金宇智慧科技有限公司,金宇智慧科技有限公司,银川,0026a48c8f59271a0XZ63Nu1Eg~~
宁夏金域医学检验所（有限公司）,金域医学,银川,7110c4a08e5a20e11XRy2Nq5E1c~
宁夏锦沣电力工程设计有限公司,湖南锦沣科技,长沙市雨花区高桥,5cfae819ad5422a61nJ_2Ny_Eg~~
宁夏锦枫科技有限公司,宁夏锦枫科技有限公司,银川市金凤区宝湖市场,a38254c96d29c5281HJ_3d-6FVo~
宁夏锦亮电力科技有限公司,锦亮电力,银川市兴庆区掌政镇,8d7dce85788c28311XR82tm0Flo~
宁夏锦隆工程试验检测有限公司,锦隆商业管理有限公司,苏州市张家港市金港镇,2f10d355e5f164291nV52tq0FQ~~
宁夏锦秋科技有限公司,锦秋科技,银川市西夏区西花园,f5b20572068a432a1nN_2t6_F1A~
宁夏锦润生态建设有限公司,锦润生态,银川市金凤区宁安大街,72f82e9e058a9b591nV_2d-6EVE~
宁夏锦硕信息技术服务有限公司,锦硕置业,驻马店市驿城区天中山,c14e8fe3ca3168601nN-3du5EVU~
宁夏锦泰弘科技有限公司,,,
宁夏锦旺农业科技发展有限公司,日照市东港区锦旺...,日照市东港区万平口风景区,6f0f69803f81d0c01H1509y4FVM~
宁夏锦绣世纪科技有限公司,锦绣世纪,银川市兴庆区中国银川国际商贸城,c30a2790e229df931XB43ti8Elc~
宁夏锦元精密机械有限公司,常州锦元建筑装饰...,常州市天宁区翠竹,c0684d50453b35c31nB43tW5GVE~
宁夏京辉建设工程有限公司,京辉建筑公司,银川市兴庆区绿地21城,cd279ead888fa6931nN539-_GFM~
宁夏京添一一新能源服务有限公司,,,
宁夏京铁卫士保安服务有限公司,深圳市京铁卫士企...,深圳市宝安区石岩,c6d995f525b558c603d93Ny0GFA~
宁夏京武波纹管有限公司,,,
宁夏京芯软件开发有限公司,京芯光电,南通市崇川区唐闸,744269cc4e159b731nZ_2du4FFo~
宁夏泾银化工有限公司,泾银化工,银川市金凤区万达中心,b7e28ebc881a774f0HZ-3d61Ew~~
宁夏晶创智能装备有限公司,晶创,银川,65a89c448134bcf21nx429u8EVM~
宁夏晶环新材料科技有限公司,晶环新材料,银川,a7fd8002685329ab1XR43929ElA~
宁夏晶润生物食品科技有限公司,晶润生物,银川市永宁县望远,5521547f368108cd1HFy3di_F1U~
宁夏晶英光伏科技有限公司,宁夏晶英光伏科技,银川市西夏区北京西路,fba57b9de50ac0b91XZ_0t66FlA~
宁夏精捷彩色印务有限公司,,,
宁夏精盛输送机械制造有限公司,宁夏精盛机械公司,银川市灵武市城区,87843def852795530nV-3tq0FA~~
宁夏景枫园林绿化工程有限公司,海马体集团,南京市江宁区东山,5aef8ffb332de0041HF73tW9
宁夏景泓项目管理有限公司,景泓通风设备,广州市海珠区南洲,91508872d7b29b831nB93dq7FFs~
宁夏景沃佳禾农业科技有限公司,,,
宁夏九福伟业农村电商有限公司,九福伟业,银川市金凤区宁安大街,ccd9a9077cd43e631nB_2dq-Elo~
宁夏九三零生态农牧有限公司,,,
宁夏九N生物科技产业开发有限公司,九N留学出国,大连市甘井子区七贤岭,333663d61efd8c171XN82tW1GFE~
宁夏九盛牧业科技研究院(有限公司),九盛牧业,银川,f0fd7fde93717d211XR72Ni4EVc~
宁夏九盛牧业科技研究院（有限公司）,九盛牧业,银川,f0fd7fde93717d211XR72Ni4EVc~
宁夏九源财税服务有限公司,九源基因,北京市东城区王府井,0c57be3063b98eaa1XBz2d6-GQ~~
宁夏九州人力资源服务有限公司,四川九州电子科技...,绵阳,698954c4dbb5dab21XJ93tu5EQ~~
宁夏久瓦能源科技有限公司,久瓦能源,银川市兴庆区光明广场,b5b35d66219a8c7103V72ti_EVQ~
宁夏玖柏三维科技有限公司,,,
宁夏玖功科技有限公司,河南玖功网络科技,焦作市解放区王府井,4180cff1982fcf001HFz2dW-FFY~
宁夏玖卉传媒有限公司,玖卉传媒,银川,63f127a98fe9bc620HZ43tu7EA~~
宁夏玖泰银科技有限公司,玖泰银科技,银川市金凤区新城,de0607b5d9fa9f351nB83N-6EVU~
宁夏玖h纺织科技有限公司,玖h纺织,银川市兴庆区中国银川国际商贸城,8acb1235848bc93b1n1739q8GVA~
宁夏巨丰种苗有限责任公司,宁夏巨丰种苗,银川市兴庆区中国银川国际商贸城,753d69e229a83bdf1nx6296-E1s~
宁夏巨恒自控电器有限公司,宁夏巨恒,银川市兴庆区绿地21城,79cb2077b65ad59c0HZ_0ti6FQ~~
宁夏巨能机器人股份有限公司,巨能机器人,银川,b63a3a06f1bad8371XB92dm5FFU~
宁夏巨日现代农业科技有限公司,巨日新能源,上海市浦东新区金桥,838da2fc682f22c71nB409m0GQ~~
宁夏巨泰农业科技发展有限公司,巨泰家具,南昌市青云谱区广州路,e4564dd36c0702f31nV83t61GFc~
宁夏巨正环保科技有限公司,巨正环保,银川市永宁县望远,9609ca7c17d3db820HJz09u7Fw~~
宁夏诚智能精机有限公司,诚智能精机有限公司,银川,11c7a25340cedf1e1Hdy2du1GFM~
宁夏君磁新材料科技有限公司,君磁科技,银川,f482b3fe0c737b401nN82921EFI~
宁夏君盾科技有限公司,宁夏君盾科技有限公司,银川市兴庆区绿地21城,b40052098e2ecdab03d52Nu6FVM~
宁夏君明利牧农牧有限公司,,,
宁夏君盛信息科技有限公司,浔阳区君盛房屋信...,九江市浔阳区南湖公园,0d97d7e9d378cc351nV409m-ElI~
宁夏君陶新材料科技有限公司,仙桃市君陶饮品店...,仙桃,adabe23fa1e589f51HJ43dy4FlI~
宁夏君望科技咨询服务有限公司,君望科技,银川,5d8631b3aa8fc1631XV83Nq7GVY~
宁夏君泽消防检测有限公司,宁夏君泽技术,昌吉回族自治州昌吉市亚中商圈,02a5fe2404206df903Ry0tm8GVQ~
宁夏俊鹏市政园林工程有限公司,佛山市俊鹏货运,佛山市南海区狮山,37c45e6f12439b191Xd92dq7FFA~
宁夏骏兴达智能技术服务有限公司,,,
宁夏凯晨电气集团有限公司,宁夏凯晨电气有限公司,银川市贺兰县德胜,0410f5b5110cdf1133N82di7Eg~~
宁夏凯达通建设工程有限公司,宁夏凯达通,银川市金凤区新城,adceb831f1e313691XF52Nq7GVQ~
宁夏凯迪亿德自动化设备,,,
宁夏凯力特新能源科技发展有限公司,宁夏凯力特,银川,4398bb2fe0d0feca0X150tW-Fw~~
宁夏凯盛源信息科技开发有限公司,凯盛源信息科技,银川市金凤区宝湖市场,9c066ed4b60e04eb1H143Nq6EA~~
宁夏凯斯德机电科技有限公司,,,
宁夏凯速德科技有限公司,,,
宁夏凯拓科技有限公司,凯拓电力,南通,c562ad0e518abe941nZ-3t28F1M~
宁夏凯拓智能科技有限公司,凯拓电力,南通,c562ad0e518abe941nZ-3t28F1M~
宁夏凯泰特新能源工程技术有限公司,,,
宁夏凯添燃气发展股份有限公司,,,
宁夏凯信特信息科技有限公司,宁夏凯信特,银川市金凤区宝湖市场,b1c51aee59a4d4aa1HZ-29q9FA~~
宁夏凯泽建设工程有限公司,,,
宁夏凯珠机械化工程有限公司,,,
宁夏康晟乐农牧有限公司,,,
宁夏康大生物科技有限公司,合肥药之康大药房,合肥市包河区义城,a35694bc92481a0a1XF52dS0FFo~
宁夏康乐达互联网科技有限公司,,,
宁夏康泰隆中药饮片有限公司,,,
宁夏康亚药业股份有限公司,,,
宁夏康扬中药材科技有限公司,康扬环境,金华市金东区东关,35ed4654715b4fe133V40tu7GQ~~
宁夏科博生物科技有限公司,科博新材料,池州市青阳县青阳汽车站,ba48e0d27883b0811nd_2961F1I~
宁夏科尔福特数控技术有限公司,,,
宁夏科丰种业有限公司,宁夏科丰种业有限...,银川市兴庆区中国银川国际商贸城,1d4dff0b565832bf1Xdz0ti7Ew~~
宁夏科衡农业科技发展有限公司,,,
宁夏科鸿控制系统工程有限公司,宁夏科鸿控制系统工程,银川市金凤区新城,211493514cc936541HRz2t69GFc~
宁夏科华电力科技有限公司,,,
宁夏科吉互联网科技有限公司,湖南科吉农业,邵阳市隆回县隆回县中心城区,ea86dd04866a79ef1HRz09-7EVI~
宁夏科竣环保科技有限公司,,,
宁夏科梦奇人工智能科技有限公司,科梦奇,银川市西夏区北京西路,3913b691c7af03711nZ409W9GVM~
宁夏科楠电工科技有限公司,,,
宁夏科锐达自动化设备有限公司,福州科锐达,福州,a3348a0a90deb6201Hd-3N-4EA~~
宁夏科瑞恒生农业科技有限公司,宁夏科瑞恒生农业科技,银川市永宁县望远,56644e0d4e7a23301XB73Nm6GFY~
宁夏科瑞洁环境技术有限公司,,,
宁夏科泰种业有限公司,,,
宁夏科特包装印刷有限公司,科特福,银川市贺兰县德胜,6255955c032fe16d1nB-2tm1EVc~
宁夏科腾建设科技有限公司,科腾幕墙,佛山市南海区丹灶,ca9efe1f473ccdcc0XZz09y0Fw~~
宁夏科为科技有限公司,科为,银川市兴庆区北京东路,245e15cd8711660633dz0967EA~~
宁夏科星科技咨询有限公司,北京肯德基有限公司,北京市昌平区西三旗,de6ff5f7ea48e7be1Xd909W4E1U~
宁夏科易网科技有限公司,宁夏科易网,银川,1a976e8f54d5e6ec1X1-3tS4FQ~~
宁夏科优种业有限公司,,,
宁夏科育种苗有限公司,,,
宁夏科正检测有限公司,科正液压机械有限公司,南京市江宁区淳化,065a98dd6ab7b3431nF60tq8F1Q~
宁夏空间信息科技有限公司,NIO蔚来,北京市朝阳区三里屯,c61d023bc6632dd91XZy2dQ~
宁夏酷客教育科技有限公司,酷升影视沧州有限公司,太原市杏花岭区解放路,a6d7122a3fda7b1c1Xd42967E1E~
宁夏坤达自动化科技有限公司,坤达自动化,银川市金凤区宝湖市场,8e2de862f1e70e8d1HR93Nm8GQ~~
宁夏坤生建设工程有限公司,坤生家具有限公司,漳州,8cf9ea1556a36c953nd43d64Fw~~
宁夏鲲鹏电子商务有限公司,华为,杭州市滨江区长河,02cd05cce753437e33V50w~~
宁夏莱芝智慧生态科技有限公司,,,
宁夏兰星现代农业有限公司,兰星,天水市麦积区埠南路,b8ca6c9756d3d7820H1929q9EA~~
宁夏蓝盾创鑫安全技术有限公司,宁夏蓝盾,银川市西夏区西花园,6d19d4a3ad6da1291nB82NS6EVU~
宁夏蓝晶科技有限公司,蓝晶光电,吉安,f1564a27be06b7b91Xd83ti9Elo~
宁夏蓝净能源科技有限公司,蓝净,银川市金凤区新城,5424f3fa24121dad1nVz2d27FVY~
宁夏蓝图科技发展有限公司,点点互动,北京,1a3c39d7de92f7e21nV53t69EFA~
宁夏蓝湾生态农业有限公司,蓝湾酒店,南京市鼓楼区山西路,47d3713d8046d0451HZ-3Ny1EVs~
宁夏蓝因生物科技有限公司,蓝因生物,银川,3de3b1285ff53cde1HJy2tS8GVs~
宁夏朗润环境工程有限公司,北京三快信息科技,天津市西青区杨柳青,298e8169f87076ce1XJ-3967EVU~
宁夏朗月新材料有限公司,宁夏朗月铝单板,银川市永宁县望远,96a802585145f2933ndy3tq_GA~~
宁夏老哈机械设备有限公司,老哈食品,哈尔滨市道里区群力,8fb56438ba2cfdaf1n1z0tS7EVs~
宁夏涝河桥肉食品配送有限公司,宁黄滩,银川市永宁县望远,c4a5bbf2048f1e311HN_2Nq5FVQ~
宁夏乐承致家科技有限公司,,,
宁夏乐道物联网科技有限公司,NIO蔚来,北京市顺义区天竺,c61d023bc6632dd91XZy2dQ~
宁夏乐道智能科技股份有限公司,NIO蔚来,北京市顺义区天竺,c61d023bc6632dd91XZy2dQ~
宁夏乐民农业发展有限公司,乐民农业,银川市贺兰县颐和苑,7e0ea445ddbd1bdb3nd52dm7FA~~
宁夏乐清环保科技有限公司,海底捞,温州市乐清市南虹广场,5b16aa4691ae33c41nZ43t2_Fw~~
宁夏雷利祥科技有限公司,雷利祥,银川市金凤区新城,1c3636156c0b94ce33V92Ni1FQ~~
宁夏磊峰兄弟农业机械作业有限公司,,,
宁夏力成电气集团有限公司,合肥力成药业,南京市浦口区南京信息工程大学,c9e725d7a8ace8f41HBy3tq-FVE~
宁夏力控电气有限公司,蓝点触控,北京市海淀区上地,4e56e41cb296fff10nB-2d6-GA~~
宁夏力行建筑研究院有限公司,宁夏力行建筑研究院,银川市金凤区开发区,17790e41bb5953931XV83dq8E1I~
宁夏力源科技有限公司,守住麦田,桂林市七星区万达广场,1592f8f5a0c7903e1Xxz0tS1Els~
宁夏立宸科技开发有限公司,宁夏立宸科技,银川市金凤区宝湖市场,07c3012447cb4af70XF40t6_Ew~~
宁夏立思辰银山教育产业有限公司,立思辰银山,银川,70bd83751b739d541nF53tm0Fg~~
宁夏立韦科技有限公司,内蒙古立韦企业管...,呼和浩特市赛罕区大学东路,e92d5c2d739e5a451XJ50tu_FVo~
宁夏利思农业科技发展有限公司,利思田园蜜语,银川,dd82a74a46f9e5c61nx62di8EFU~
宁夏利思葡萄酒庄有限公司,利思酒庄,银川市金凤区新城,ef4f6ef1e448d00f1nNz3d28EVA~
宁夏联权绒业开发有限公司,,,
宁夏联星科技服务有限公司,宁夏联星科技服务,银川市兴庆区绿地21城,9bc1789fac50a2431HV83NW9GFY~
宁夏量智云信息科技有限公司,宁夏量智云科技,银川市兴庆区中国银川国际商贸城,849d41e2ca0d3d241XV90t64FFU~
宁夏燎原远大阀门销售有限公司,燎原远大阀门,运城市盐湖区沃尔玛,b30e85bb68e021ba33d43d-7FQ~~
宁夏邻迹科技有限公司,,,
宁夏林盛元建设工程有限公司,,,
宁夏灵浩工贸有限公司,,,
宁夏灵树科技有限公司,,,
宁夏灵朔电子商务有限公司,,,
宁夏灵武市金岭农牧有限公司,,,
宁夏灵州雪服装股份有限公司,灵州雪服装公司,武威市凉州区迎宾路,eb3c00a48ac59cf31nV73tq4FVU~
宁夏聆音科技有限公司,聆音科技,银川,bfb3fff95f037e6633F929W6FQ~~
宁夏零星网络科技有限公司,,,
宁夏领航保温材料有限公司,lululemon,北京市朝阳区大屯,0b22a372d8b226601Hd83tW-Fg~~
宁夏领航岩棉科技有限公司,领航岩棉,银川,422c359f309b3cc50HB82dq6FQ~~
宁夏领航者低空飞行技术服务有限公司,,,
宁夏领世新材料科技有限公司,领世,银川,c1be1cf36f54031b1XR62ti4F1U~
宁夏领新耘智空间科技有限公司,,,
宁夏留世葡萄酒庄有限公司,,,
宁夏六德原科技文化有限公司,六德原,银川市兴庆区在水一方,a50d5cae8ed0eefb03F52dy6Fw~~
宁夏六盘峰云科技有限公司,六盘峰云,银川,9edf86c2789bc5f833J409u_EA~~
宁夏六维金融科技发展有限公司,汉威科技,郑州市中原区高新区,057b3ca7fbbcc65f1nxy39-4GQ~~
宁夏龙凤制衣有限责任公司,宁夏龙凤制衣,银川市西夏区朔方路,34ca1e6fadc026eb1H19292_E1I~
宁夏龙津消防安全技术有限公司,百果园,广州市荔湾区陈家祠,c37b9c3285356dea33R43NW4GA~~
宁夏龙塞电气设备有限公司,,,
宁夏龙山御景科技发展有限公司,,,
宁夏龙翔建设工程检测有限公司,龙翔食品,龙岩市新罗区凤凰阁,b842f0f1c764b4520X1_3tu0FA~~
宁夏隆合科技有限公司,宁夏隆合科技有限公司,银川市金凤区新城,c72d21a05dbd1a691nF_0tu5FFM~
宁夏隆基电气有限公司,隆基建设工程,安顺市西秀区多彩万象城,783700ce974d6b281nd53Nu4GVo~
宁夏隆基乐叶科技有限公司,宁夏隆基乐叶科技,银川,3f150b65593cc4891XJ42tq7FFo~
宁夏隆基宁光仪表股份有限公司,隆基宁光仪表,银川,0a2fdc06b193b5e233F_2NW5Fw~~
宁夏隆利鑫机械设备制造有限公司,绍兴隆利鑫纺织,绍兴市越城区中兴南路,6b77db531fdbf8f21XF72du5GVY~
宁夏隆盛经济技术信息开发有限公司,隆盛食品,芜湖,7eda95249ac30d0103J529u9GA~~
宁夏隆通信息科技有限公司,,,
宁夏鲁银工程检测有限公司,鲁银药业,沈阳市浑南区桃仙,b996bac6bb7f992a1nV809i1EFE~
宁夏橹丽科技发展有限公司,,,
宁夏路广通公路工程试验检测有限公司,路广通公路工程,银川市西夏区北京西路,835d80f4107bd8121nZ43dy_F1M~
宁夏路易科技有限公司,路易汽车零部件,绍兴市诸暨市店口镇,4fd5d1d4f9b49f8e1nZ73N69FVU~
宁夏绿博种子有限公司,,,
宁夏绿川科技有限公司,绿川科技,银川市永宁县望远,1d004f475588b0e41XR73Ny-GVM~
宁夏绿方水产良种繁育有限公司,绿方纸业,东莞市高墩虮鹾Ｍ逍虑,1cbf59c71849ef071HZ90969FlA~
宁夏绿歌环保科技发展有限公司,绿歌科技,银川市兴庆区胜利街,6cb75c9140f8987b33F409q0Fg~~
宁夏绿稼源农业科技发展有限公司,,,
宁夏绿农园牧业有限公司,绿农园农资,三门峡市湖滨区经二路,ff089b83fa91d8e51XF_396-GFY~
宁夏绿色世纪农业科技发展有限公司,耳海健康管理公司,北京市丰台区花乡,0d5e991f3995deab0Xdy29u0GA~~
宁夏绿色之星环保工程有限公司,绿色之星,银川市金凤区宝湖市场,10a31d3544d56e0403x-2tu9GQ~~
宁夏绿森农副产品有限公司,绿森,银川市永宁县望远,eb3130e5abc281851Hd83Nu7GQ~~
宁夏绿社盛世园林绿化有限公司,,,
宁夏绿天果业有限公司,宁夏绿天果业有限公司,银川,39cdc0bee735902d1XN92N28FVM~
宁夏绿网网络信息技术服务有限公司,绿网科技,银川市兴庆区新华,82d2b88d0a5fd4b11nF82N24GFA~
宁夏绿先锋农业科技发展有限公司,,,
宁夏绿叶信息科技有限公司,绿叶信息科技,银川市金凤区宝湖市场,9b3d1d1726b7cc573nR72ty8Ew~~
宁夏绿源实业有限公司,素今,泰州市泰兴市济川,e4305f54409cc0640HV82dS8Fg~~
宁夏绿展投资有限公司,绿展环保,天津市滨海新区大港,917f212c315339390nR92ti0GQ~~
宁夏绿筑集成科技有限公司,宁夏绿筑,银川,b57e4cf9389074e833d73di6Eg~~
宁夏迈克龙力工贸有限公司,,,
宁夏迈奇创想科技有限公司,迈奇创想,北京市朝阳区望京,77c99ef13c686c911XJ-3Nm4FVE~
宁夏麦尔乐食品股份有限公司,宁夏麦尔乐,银川,f45fbe8f09858bc40XJ72d66FA~~
宁夏麦芒农业科技发展有限公司,麦芒房地产公司,蚌埠市五河县城南,a17b6e71cd7a47ad1nF92d--FlE~
宁夏满源机械设备安装有限公司,满源公司,银川市兴庆区宝湖东路,7dcfbdacb36c05031XN529S8F1Y~
宁夏茂鑫源汽车运输有限公司,茂鑫源,天津市武清区下朱庄,356537205bb570cb0HVy09u1GA~~
宁夏媒眼供应链管理服务有限公司,,,
宁夏煤炭基本建设有限公司,,,
宁夏煤炭科学技术研究所有限公司,,,
宁夏美邦寰宇化学有限公司,,,
宁夏美极鲜蔬菜配送有限公司,美极鲜,银川市永宁县望远,0deb4633a1d165fa331z2tq_GA~~
宁夏美科医疗器械有限公司,金莎双美,北京市朝阳区朝外,d8d96d978bd7c88a1XB53dq7GFM~
宁夏美通新能源科技有限公司,美通,银川市金凤区新城,91b04fa37b5902f71nB60tu_F1Y~
宁夏美欣进工程有限公司,,,
宁夏美尊智能科技有限公司,美尊科技,杭州市上城区九堡,72f72141c60ba0071Xdz29q9Eg~~
宁夏萌生砼业有限公司,,,
宁夏迷庐文化传播有限公司,,,
宁夏米客食品科技有限公司,米客食品,银川市永宁县望远,b717a7794b1e468a1nB53dy9FVI~
宁夏米赛尔机械设备有限公司,米赛尔自动化,济南市历下区高新会展中心,c8456f3d12b35dd71HJ73dy4Ew~~
宁夏绵洋洋食品有限公司,,,
宁夏民江钢化玻璃有限公司,,,
宁夏闽宁汇盛商务科技有限公司,,,
宁夏名乾科技有限公司,名乾科技,银川市兴庆区绿地21城,5f73d5c22c9f73381XB43dq6ElA~
宁夏明宝新型涂料有限公司,明宝涂料,银川,d0cce176f2051ba93nR53Ni1Ew~~
宁夏明道文化发展有限公司,明道装饰,重庆,989348f79f05eebc03d92d60FA~~
宁夏明途工程试验检测有限公司,石狮市明途教育咨询,南平,3dd4a2f8f32e3b781XN_0928ElQ~
宁夏明翔粮油有限公司,明翔粮油,银川,48b91ef0a0567e771XZy0tW5FVo~
宁夏铭华君盛农牧科技有限公司,铭华君盛,银川,6b33b1c7d5f1e24e1nN53Nq6GFc~
宁夏铭悦达塑料包装有限公司,,,
宁夏莫克仪表科技有限公司,莫克仪表,银川,7baa11b22fff2e831nN939u0E1s~
宁夏墨工科技有限公司,宁夏墨工,银川市永宁县望远,72e8b295272b53fe1XR709q_EVc~
宁夏木尔马建材有限公司,,,
宁夏木易云文教育咨询有限公司,木易云文教育咨询,银川市金凤区悦海新天地,9bed5c37287e8ba01XV-09m6FlA~
宁夏沐思科技有限责任公司,沐思酒店,赣州,5c8366222c86e6861nd43tS_GFU~
宁夏牧江科技有限公司,安阳牧江商贸有限公司,安阳市文峰区福佳斯,3d75467ae99a5fc01XJ629-1GVM~
宁夏慕森电力工程有限公司,周口慕森装饰设计工程,周口市川汇区周口师范大学,7086e4146b28eea21XR83d29FFc~
宁夏慕葳睡眠科技有限公司,慕葳,银川,b9c8d766948c6f3f1XBy29u7E1A~
宁夏穆华香食品有限公司,,,
宁夏穆勒电气有限公司,江阴市穆勒电气,无锡,3dd07b4816cf64811XZ-0tq4EFE~
宁夏奶瓜瓜生物科技有限公司,,,
宁夏奶牛研究所(有限公司),金申中合,北京市海淀区上地,a9d99fb2c7d4a32c1nd_296_FVQ~
宁夏奶牛研究所（有限公司）,金申中合,北京市海淀区上地,a9d99fb2c7d4a32c1nd_296_FVQ~
宁夏耐邦供水设备工程有限公司,,,
宁夏宁宝世家食品科技有限公司,宁夏宁宝世家食品科技,银川,abec3c9eac7dea871XFy39i0GVI~
宁夏宁宝印刷技术有限公司,宁夏宁宝印刷技术,银川,3af9f8abc1df4cee03Z53dy1GFM~
宁夏宁博通模板有限责任公司,,,
宁夏宁创智思科技有限公司,宁创智思,西宁市城西区西关大街,9ffb9a88cd909cf50nZy2tq8GA~~
宁夏宁电电力设计有限公司,宁电消防,银川市金凤区宁安大街,59270a454ef8ceae1nd83NW-F1o~
宁夏宁电消防设备有限公司,宁电消防,银川市金凤区宁安大街,59270a454ef8ceae1nd83NW-F1o~
宁夏宁东华晟节能环保科技有限公司,,,
宁夏宁东科慧数运大数据有限公司,宁夏宁东科慧数运...,银川,8ae09ed1817846d01HV92Ny7FFI~
宁夏宁东科技创业投资有限公司,宁东科创公司,银川,8a9000f2a05ec3741Xd-29u_FVQ~
宁夏宁东科控大数据有限责任公司,宁东科控大数据,银川市灵武市宁东镇,cc92f5bc93c001d81XR-2d26FlQ~
宁夏宁聚油田材料科技有限公司,,,
宁夏宁铼新材料科技有限公司,,,
宁夏宁苗绿博苗木有限公司,,,
宁夏宁苗生态建设集团股份有限公司,宁苗集团,银川,4476e47c619b698033xz2dq8EA~~
宁夏宁企典知识产权代理有限公司,宁夏宁企典知识产...,银川市金凤区宝湖市场,9640c41b6a7e533803V639u6F1M~
宁夏宁企信知识产权咨询有限公司,宁企信,银川市金凤区宝湖市场,7a84dfd211fe1c371nx62Nq_Flo~
宁夏宁源牛羊肉有限公司,宁源牛羊肉有限公司,银川市灵武市城区,0d50811723ff5f3833d70tu_Ew~~
宁夏宁深禾望电气有限公司,,,
宁夏宁硕精密科技有限公司,宁夏宁硕精密科技,银川,e8ddf9e82c71d7ac1HR-39y0ElQ~
宁夏宁信信息科技有限公司,保定宁信集团有限公司,保定,c60281a621c03ecb1HBz2d--E1E~
宁夏宁银环保科技有限公司,宁银消金,郑州市管城回族区郑州东站,29c515e04036a2021XZy2dW-FFc~
宁夏农夫田园商贸有限公司,,,
宁夏农垦平吉堡农场有限公司,,,
宁夏农垦乳制品有限公司,,,
宁夏农林科学院畜牧兽医研究所（有限公司）,宁夏交科,银川市兴庆区北门金三角,3b90851834ad14de1XN53du9GFc~
宁夏诺克银丰智能科技有限公司,宁夏诺克银丰,银川市贺兰县颐和苑,9eea54ed5de5939103Vz2tW9EA~~
宁夏诺鲜程科技有限公司,,,
宁夏欧创机械有限公司,宁夏欧创机械有限公司,银川市西夏区西花园,1460164b4b6e1e801nF82dq5GVM~
宁夏欧斯曼电子商务有限公司,北京欧斯曼宠物,北京市大兴区亦庄,4ebca3d912d2182703dy29y1GVA~
宁夏欧韵新型材料有限公司,安徽欧韵装饰装修工程,合肥市蜀山区奥体中心,47abd752be9b21a31XJ53dm5F1U~
宁夏磐泰能源科技有限公司,磐泰集团,无锡市滨湖区湖滨商业街,a2f58b413cfcdf881ndy3t-7GVM~
宁夏沛信建设工程有限公司,沛信建设工程,银川市金凤区良田,eed9b08558ad9b1d1nZ53tu4E1E~
宁夏朋众信息技术有限公司,朋众,银川市金凤区宁安大街,01cc8ff2125169bb1XR42ti0F1E~
宁夏鹏丰种业有限公司,,,
宁夏品禾农业科技有限公司,品禾,杭州市上城区望江,95d2e9c1c85782e003Z63Nm5Fw~~
宁夏葡萄酒职业技能培训学校有限公司,,,
宁夏璞石信息技术服务有限责任公司,璞石,银川市金凤区万达中心,0388d386f45595981XR70t6_Fls~
宁夏普利特新能源开发有限公司,普利特PRET,上海市青浦区青浦城区,944a1f89429f37121nd839u9ElE~
宁夏普凌企业管理有限责任公司,,,
宁夏普凌信息科技有限责任公司,,,
宁夏普天动能信息技术有限公司,,,
宁夏普信科技服务有限公司,,,
宁夏齐鑫伟业自动化科技有限公司,,,
宁夏祁源生态科技发展有限公司,宁夏祁源生态,银川市金凤区宝湖市场,aaa678bcac25716533J43tq8FQ~~
宁夏奇客摩克教育科技有限公司,奇客摩克,银川市兴庆区中国银川国际商贸城,6ec113560288a17c1XV73NS9FFs~
宁夏奇略源科技咨询有限公司,,,
宁夏淇霖农牧有限公司,,,
宁夏祺祥安防雷科技有限公司,祺祥安防雷,银川市兴庆区新华,fbcb9d5474883e6a03J62tq6Eg~~
宁夏企服网科技服务有限公司,泓锦能源科技有限公司,银川市金凤区民生花园,c315d91bba41b4561H1829y7GFU~
宁夏企通网络科技有限公司,烟台企通网络科技服务,烟台市芝罘区奇山,56ff75c31f70c9b21HF42tm5GFo~
宁夏杞乐康食品开发有限公司,杞乐康,北京市通州区马驹桥,f79e200fad5b730b3nV53t60EQ~~
宁夏杞蕴现代生态农业科技发展有限公司,杞蕴现代,银川市贺兰县颐和苑,9cd78104bdb182480HF-29S_Ew~~
宁夏启动科技有限公司,康龙临床,北京市海淀区四季青,76d3357a6cb273081HV50ti-EFs~
宁夏启航新能源科技开发有限公司,圆通速递,北京市顺义区后沙峪,1ffb4a7b9d2fc3a71nx63dS-
宁夏启汇科技服务有限公司,宁夏启汇科技服务,银川市金凤区附属医院,e214f03fb6afcbd21Hd72tS5EFE~
宁夏启旭农业科技发展有限公司,安徽启旭机械,芜湖,bb59e9c7aba5edc11HB82N29EVc~
宁夏启元国药有限公司,,,
宁夏启元药业有限公司,腾讯,上海,64bfe11d3d8b5b6e1XV629u4F1A~
宁夏启钺建设工程有限公司,宁夏启钺建设工程,银川市金凤区阅海,b3f71e524e8137f71Hxz2t26GFo~
宁夏启之源测绘科技有限公司,启之源测绘,银川市贺兰县德胜,1dbc95a83a7e0f101HZ909W0ElA~
宁夏千弓预应力技术工程有限公司,宁夏千弓预应力技...,银川市兴庆区新华,4c8a938ed345522903Zz3N-7FVA~
宁夏芊艺农业科技有限公司,芊艺,济南市历下区东关,6c7f6ff3f02c00571nZ629W0GVQ~
宁夏乾广生态科技有限公司,甘肃乾广餐饮有限公司,兰州市七里河区兰工坪,01f439e62896dd2d1nB53tS8ElQ~
宁夏乾能低碳科技开发有限公司,,,
宁夏强铝科技有限公司,宁夏强铝科技有限公司,银川,529e55be846f13e61n1409S-E1Y~
宁夏乔锋机械制造有限公司,,,
宁夏乔阳科技有限公司,乔阳科技,银川市金凤区万达中心,011826b50a2b9e3b1nJ43d--FVA~
宁夏巧玲科技有限公司,,,
宁夏秦晟达生物科技有限公司,,,
宁夏秦联能源集团有限公司,秦联能源集团,银川市金凤区阅海,44460d843396488a1nB82Nu_GVc~
宁夏秦杨中医医院有限公司,,,
宁夏青川管业有限公司,华伟通讯有限责任公司,广元,dc4be703b50dbfd81nZ92N-1FA~~
宁夏青龙塑料管材有限公司,德邦快递,济南市历下区东关,204e198ef9dccfbf03V53Nm4ElY~
宁夏青鑫天一节能环保科技有限公司,青鑫天一环保科技,银川市金凤区新城,7a1b790b97ed08b41XBz3tm6Fls~
宁夏清洁发展机制环保服务中心（有限责任公司）,轻喜到家,北京市朝阳区大望路,56e8ea0a9a43f43e1nR529S4Eg~~
宁夏清穆食品有限公司,淮南市清穆餐饮,淮南市潘集区长江路,8902aefa1ebc8ebb1Xdz3dS1EFU~
宁夏趣淘健康食品有限责任公司,,,
宁夏全晟达空间技术服务有限公司,,,
宁夏全盛金属表面处理有限公司,全盛酒店,邢台市襄都区新兴东大街,914c48bf361b92fc1nJ_3t25EFM~
宁夏人和管业有限公司,重庆人和,大同市平城区火车站,4d540fa33ae0d5911XBz2tm7GFA~
宁夏认养一头牛牧业有限公司,,,
宁夏茸源养殖发展有限公司,,,
宁夏荣邦电力工程有限公司,徐州荣邦汽车销售,徐州,1f409daf814ac4a61nN_2tm6GVA~
宁夏荣光电节能科技实业有限公司,宁夏荣光,银川,38dff9dc24f2c26f0nRy3d65Fw~~
宁夏荣光电力工程有限公司,宁夏荣光电力设计公司,银川市金凤区新城,032b0eb14a02bab003R72dq6FVo~
宁夏荣和绿色科技有限公司,荣和绿色科技有限公司,银川,35164faf21b0319f1HN72dW_FFc~
宁夏荣林生态科技有限公司,荣林网络,苏州,9074baabb346ebdc1HFy2Nm5GFA~
宁夏榕科矿山机械有限公司,,,
宁夏融汇丰建设工程有限公司,,,
宁夏融汇丰生态科技有限公司,,,
宁夏融利源供应链管理有限公司,融利源,银川市贺兰县德胜,f67c42cd2ce8e76e1nB_2t65EFs~
宁夏融媒科技有限公司,,,
宁夏软件工程院有限公司,世纪创展,吴忠,339dde2c68c6338e0nB53969Fg~~
宁夏锐驰信息科技有限公司,苏州锐品家具有限...,苏州,bd4324eda10d12331Xx82d66Eg~~
宁夏锐航创新科技咨询有限公司,宁夏锐航创新科技咨询,银川市金凤区良田,d089bc2fa1c01d1e1HV409i1FlE~
宁夏锐思互动文化传媒有限公司,,,
宁夏瑞辰智能科技有限公司,宁夏瑞辰,银川市金凤区开发区,d5f2c7dd10a8d47f33Zz29-_FQ~~
宁夏瑞鼎科技有限公司,盒马鲜生,昆明市盘龙区白云路,b3eeae786aedaa270XFz09m0
宁夏瑞光博远科技有限公司,,,
宁夏瑞能工贸有限公司,瑞能电竞网咖,泰州,15f982699ab0bd3e1HV_09-_FVs~
宁夏瑞奇欧商贸有限公司,,,
宁夏瑞斯软件有限公司,瑞斯软件,银川市金凤区森林公园,8389cd2c1c5dd1ac33J62N65GA~~
宁夏瑞威尔能源环境工程有限公司,瑞威尔,银川市兴庆区中国银川国际商贸城,eb4d264901051d5e1nR-09q7EQ~~
宁夏瑞沃水资源工程研究院（有限公司）,宁夏瑞沃水资源研究院,银川市金凤区阅海,9cd0fef1d4315f2f1XF729m5Elo~
宁夏瑞信农业开发有限公司,深圳网新新思,北京市大兴区亦庄,782c710ca4bd5ddb03F52NQ~
宁夏瑞银铅资源再生有限公司,,,
宁夏瑞银有色金属科技有限公司,,,
宁夏睿创节能环保科技有限公司,宁夏睿创节能,银川市金凤区阅海,a94f050b8a79aeb51nx42dy1EFc~
宁夏睿途科技有限公司,睿途教育,北京市海淀区苏州桥,c2ba3418ea548ae703Zz39i-
宁夏睿星力衡计量检测中心（有限公司）,,,
宁夏睿源精细化工有限公司,,,
宁夏润邦门窗幕墙工程有限公司,兴仁市润邦建材经...,黔西南布依族苗族自治州兴仁市兴仁县中心城区,e3c212274d5323ea0Hd5392-GA~~
宁夏润达电气科技有限公司,美团,深圳市龙华区民治,b633a34f787d94f21nZ_0929E1I~
宁夏润丰种业有限公司,润丰种业,银川市兴庆区绿地21城,03baa81f35d048a81X1z39q8FVo~
宁夏润禾丰生物科技有限公司,山东润禾丰农业科技,潍坊,0d1abcb42dddafdc1X1y0t20GVc~
宁夏润农智能节水科技有限公司,润农灵犀,常德,aedefd73c73e5b0c1nZ60t-8FlA~
宁夏润宇泽节能环保有限公司,,,
宁夏润泽丰源法律咨询服务有限公司,,,
宁夏塞柏科技发展有限公司,宁夏塞柏,银川市金凤区悦海新天地,15e5cc8905d226601nN-2Nu4GA~~
宁夏塞上金裕食用油有限公司,宁夏塞上金裕食用油,银川市贺兰县颐和苑,c1a77f51e646e2141HFz29q4E1c~
宁夏塞上牧场食品有限公司,宁夏塞上牧场食品,银川,7ea32656fe787eab1Xd_2t24Els~
宁夏塞上牧源牧业有限公司,,,
宁夏塞上杞园食品科技有限公司,,,
宁夏塞上迎鑫农牧有限公司,,,
宁夏塞上置业有限公司,WWT共享办公,银川,8f32dbdad8738db81XN42929GQ~~
宁夏塞尚乳业有限公司,塞尚乳业,银川市贺兰县颐和苑,668ccc5750c35b6203d629i0Fw~~
宁夏赛福质量检测技术有限公司,赛福科技,北京市海淀区上地,b11921357d81b87a1Hx-39q-FFI~
宁夏赛洛丝网络科技有限公司,,,
宁夏赛马科进混凝土有限公司,,,
宁夏赛马水泥有限公司,,,
宁夏赛斯聚信生物科技有限责任公司,,,
宁夏赛文技术股份有限公司,赛文财税,六安市裕安区水云涧,ee2808e9eaa1a71b1nB_2969EFs~
宁夏三爱文化发展有限公司,三爱文化,银川市金凤区阅海,c5160fd178879d0433J83dS_Fg~~
宁夏三才信息科技有限公司,三才信息,银川市兴庆区绿地21城,f8c8059dabaf0f1a1XR-2Nu9Elc~
宁夏三产融合产业发展有限公司,未来家园,武汉,c97bc4ca2e3427511nV82NW_Fw~~
宁夏三丁湖农业科技发展有限公司,,,
宁夏三恒电线电缆有限公司,宁夏三恒线缆有限公司,银川,e03c92a35a5233731H190t6-FVo~
宁夏三瑞机械环保设备有限公司,兰州三瑞教育科技...,兰州市七里河区秀川,35294536f8b2d7a81HJy2du5FQ~~
宁夏三十六度生物科技有限公司,龙亭区三十六度美容馆,开封市龙亭区七盛角,195405a7e918380d1HF-0tm6FFc~
宁夏三思信息技术有限公司,,,
宁夏三谊新材料科技有限公司,,,
宁夏三正管业有限公司,三正玻璃,威海市环翠区张村,7cf29509c5500e1b1nx62d27GFE~
宁夏三正世通橡塑科技有限责任公司,,,
宁夏森创环境工程有限公司,,,
宁夏森蓝环保有限公司,宁夏森蓝环保有限公司,银川市金凤区宝湖市场,9480bbce139957bf1Xx939u6EA~~
宁夏森润牧业开发有限公司,森润广告服务,遵义,c1ec0588b2852c9a33By3tS8GA~~
宁夏山逗子杂粮绿色食品科技开发有限公司,宁夏山逗子杂粮食品,银川市兴庆区中国银川国际商贸城,01fea995e9cec1441nF62t66GFE~
宁夏山水相遇农业科技发展有限公司,,,
宁夏善庆智能装备有限公司,善庆智能,银川市金凤区阅海,eeef5c843dfa3c9b1XF52N-9EVA~
宁夏善途生物科技有限公司,善途科技,秦皇岛,4cb3d80e554e70231XF839q0FFY~
宁夏上恒食品有限公司,,,
宁夏上业安泰工贸有限公司,,,
宁夏上泽龙水利水电工程有限公司,宁夏禹邦建设工程公司,银川市金凤区开发区,8b7ba09a08c22c630Hx83N-_GQ~~
宁夏尚辰电力工程有限公司,青海尚辰教育培训学校,西宁市城西区西关大街,3f4a55f6df00afd41nZy2Nq6GVU~
宁夏尚蓝环保科技有限公司,尚蓝环保,银川市金凤区宁安大街,5928eec35e7a0ff51HVy3tm5EVY~
宁夏尚锐科技有限公司,尚锐科技,银川市金凤区宝湖市场,d51d3d8961e9ad6c1nBz3920F1E~
宁夏尚信酬勤科技有限公司,,,
宁夏尚屹新材料科技有限公司,临沂尚屹贸易有限公司,临沂市临沭县临沭县中心城区,e4cc059bb366b91d1Hx_0tS8EVA~
宁夏尚禹节水科技有限公司,尚禹节水,银川市永宁县望远,735ad01f6b6059491XF90ti5FFI~
宁夏申和新材料科技有限公司,上海申和,盐城,4c2ece8b5d3f04370Xx_39u5FA~~
宁夏神奇之鸟陶瓷有限公司,,,
宁夏神耀科技有限责任公司,神耀网络科技有限公司,衡阳市雁峰区蒸湘南路沿线,ea343161fae4192e1nF72Ni5GVY~
宁夏神州好易信息发展股份有限公司,,,
宁夏升世隆泰电气有限公司,,,
宁夏圣普建筑工程有限公司,圣普建筑公司,银川市兴庆区石油城,bc318e4d2273f3821nF-3Ny8EVU~
宁夏圣友德实业有限公司,圣友德水务有限公司,银川,be9a4c5651e5491b1XV72ty8ElQ~
宁夏胜聚智能科技有限公司,,,
宁夏胜威电力设备制造有限公司,胜威化工,昆明市官渡区金马,f1c5707d6938f0b31nZ609W6EQ~~
宁夏盛澳源牧业有限公司,,,
宁夏盛华保温材料有限公司,,,
宁夏盛晖科技有限公司,,,
宁夏盛景咨询服务有限公司,盛景咨询,银川市金凤区阅海,ff6817db4cc7a5df0HF509W5Eg~~
宁夏盛康生态建设工程有限公司,宁夏盛康生态建设工程,银川,d99e753c236e7dff1HZ92Nq8E1c~
宁夏盛世创业电子有限公司,盛世创业电子,银川市金凤区阅海,fda6fc7aed64f8c033F52ty-Ew~~
宁夏盛世华欣电气开关有限公司,盛世华欣,银川,26f0e09a54d12aa81ndz3NS5FFo~
宁夏盛世绿源环境检测有限责任公司,宁夏盛世绿源环境检测,银川市金凤区新城,0513a04d18fdb7711Xd-39y1GFI~
宁夏盛天彩数字科技股份有限公司,,,
宁夏石化银骏安全技术咨询有限公司,石化银骏,银川市金凤区开发区,f3b3616d5d7244381XR53tu9Ew~~
宁夏时代森淼家具有限公司,时代森淼,乌海市海勃湾区海拉路,7801dbf81eccf3da1X190t6-E1A~
宁夏时星科技有限公司,宁夏时星科技有限公司,银川市西夏区北京西路,4e5b12a31f1dd05b1XR929m9E1Y~
宁夏实德新型建材有限公司,宁夏实德,银川,ea2c2501492309f41XZ72t24GFc~
宁夏拾悦酒业有限公司,慈溪市拾悦餐饮,宁波市慈溪市浒山,2414a9deaa2fc93a1H1-39i0F1E~
宁夏食鲜汇供应链管理有限公司,,,
宁夏世纪创想网络科技有限公司,世纪创想网络,银川市金凤区开发区,c2bfa92da7f574af1Xd62Nq-GA~~
宁夏世纪信通信息安全有限公司,宁夏世纪信通信息安全,银川市金凤区宝湖市场,02bd38d9e012738c0HR53du9Eg~~
宁夏书云科技有限责任公司,哈罗兔,苏州,61abb7cea34cfced1HF529m4FlM~
宁夏蜀佳农牧科技有限公司,山西蜀佳农牧,吕梁市文水县刘胡兰中学,a9fc104ce9147c041XBy2Nu4E1c~
宁夏数创科技发展有限公司,宁夏数创,银川市兴庆区南门广场,a63280c038a443ce1n152ti1FVA~
宁夏数据科技股份有限公司,世纪创想网络,银川市金凤区开发区,c2bfa92da7f574af1Xd62Nq-GA~~
宁夏帅玺品牌管理有限责任公司,帅玺科技有限公司,菏泽市牡丹区中山路,0e4e881f9c6198d033F62Nq5EQ~~
宁夏双玉防水防腐材料集团有限公司,,,
宁夏双玉建筑防水材料有限公司,,,
宁夏水利水电勘测设计研究院有限公司,宁夏水利设计院,银川市金凤区阅海,726377c7671fc9b51nN939m6FlY~
宁夏水林尘电子商务有限公司,,,
宁夏水投科技股份有限公司,贵州水投水务集团...,毕节,90694db8b29bae921nF72N61EVo~
宁夏水投清水河城乡供水有限公司,,,
宁夏水投清水源水处理科技有限公司,,,
宁夏水投云澜科技股份有限公司,,,
宁夏顺邦达新材料有限公司,上海顺邦达供应链科技,杭州市钱塘区大学城北,38459e04f2d2a73803Bz2920E1c~
宁夏顺控自动化技术有限公司,博雅建设工程,商丘,a3b9e0b0698264991nV73Ny9FFE~
宁夏顺通塑业有限公司,顺通混凝土,沈阳市沈北新区,c6ebd2351915d8db1XR50924GQ~~
宁夏舜昌亚麻纺织科技有限公司,,,
宁夏瞬剪文化科技有限公司,,,
宁夏硕邦电线电缆有限公司,山西硕邦装饰工程,太原市小店区坞城路,7df93e1f662ed2cf1HV9092_EFI~
宁夏丝路风情网络科技股份有限公司,宁夏丝路风情网络...,银川市金凤区宝湖市场,6533dc7f63e680cb1nV93961EVQ~
宁夏丝路明珠生物科技有限公司,丝路明珠,银川市兴庆区宝湖东路,6b4b3925279b4e1d0nR92ty-FA~~
宁夏思博智能科技有限公司,SCIOB・思博智能,银川市兴庆区新华,e3d7c6210513d4311XN-3di5F1Y~
宁夏思和电子科技有限公司,思和信息,哈尔滨市松北区世茂大道,9d1cc0dcc8dacffa1HZ53t60EVc~
宁夏思极科技有限公司,陕西思极科技有限公司,西安市雁塔区西影路,ef38adde4a69bdca1XV52tq6F1c~
宁夏思捷易网科贸有限公司,思捷易网,银川,f0720a55146b546a33V829S1
宁夏思睿能源管理科技有限公司,思睿科技,银川市金凤区宝湖市场,24fe465f9efaa97e0nJy2dy_Fg~~
宁夏思翔科技有限公司,思翔科技,哈密市伊吾县伊吾县,08ae278bea7ac3751XN739u1ElY~
宁夏思学网络科技有限公司,好未来,北京市海淀区苏州桥,efa878c051261c7433Z6
宁夏思远信息技术有限公司,,,
宁夏四季青冷链物流有限公司,北京烤焖车间餐饮...,北京市海淀区万柳,a2d22b8773ccfd1c33B42tW9FA~~
宁夏四季优鲜现代农业科技有限公司,四季优鲜超市,石家庄市裕华区富强大街,2f7869329b5de5141X1_3Nu6GFI~
宁夏苏川科技服务有限公司,苏川,银川市金凤区开发区,018208ff3abf1b3b1nB40t2-FlM~
宁夏苏客隆仓储设备有限公司,宁夏苏客隆仓储设备,银川市永宁县望远,90d96aa05be90a4b1XF-39S-E1I~
宁夏苏洋文化传媒有限公司,苏洋文化,银川市金凤区宝湖市场,a045922633fa33fe33Zz29m6Ew~~
宁夏索特科新型器件有限公司,,,
宁夏塔迪科技有限公司,,,
宁夏太谷能源管理科技服务有限公司,正前方集团,晋中市太谷区太谷县中心城区,ffe7309a7aa415111n153dq-GVQ~
宁夏泰达路业工程有限公司,海底捞,天津市滨海新区海滨,5b16aa4691ae33c41nZ43t2_Fw~~
宁夏泰和润生物科技有限公司,泰和润,银川,4e3946c3986b367103R729i5FVU~
宁夏泰和兴材料科技有限公司,泰普龙,银川,585f426fd33d3fd51nRz29u1GVI~
宁夏泰极纸业有限责任公司,宁夏泰极纸业,银川,86b81b38486eeaa01XB83dS_ElI~
宁夏泰瑞力克机械精工制造有限公司,,,
宁夏泰益欣生物科技股份有限公司,泰益欣,银川,555627e02f8a8c0a0Xd409q4Ew~~
宁夏特源特色农业开发有限责任公司,,,
宁夏腾达食品有限公司,腾达汽贸,滨州,6aa82961662e40381XJ93d66FlA~
宁夏腾新科技有限公司,腾新科技,银川市金凤区宝湖市场,c526bc13a7eaf7391HRy2Nu1E1E~
宁夏天诚众一建设工程有限公司,宁夏天诚众一,银川市兴庆区解放西街,f6638806900b73a21HVy2d-6GVQ~
宁夏天地奔牛链条有限公司,,,
宁夏天地恒源网络科技有限公司,,,
宁夏天地华宇科技有限公司,景德镇市天地华宇...,景德镇,9004c3f812e5287d1XZ639u9FVo~
宁夏天地经纬电力设备工程有限公司,青岛天地经纬国际...,青岛市即墨区环秀,dfc57641a9b26da21nF_2Ny7GVU~
宁夏天地元化工有限公司,,,
宁夏天地元环境实业发展有限公司,天地元广告,西安市雁塔区电子城,4e74cd42a7db9e3e1HV50tW4EA~~
宁夏天工科技有限公司,天工科技,银川,33fd01df4ab9f33003d-2di0EQ~~
宁夏天海食品有限公司,天海,德阳市旌阳区旌东,635c343dcb4f0fba1nd-2Ny5F1s~
宁夏天凯银科财税管理咨询服务有限公司,天凯银科,银川市金凤区开发区,de145674f08f51b81nF62Nq1FVo~
宁夏天凯银科科技有限公司,天凯银科,银川市金凤区开发区,de145674f08f51b81nF62Nq1FVo~
宁夏天隆海洋线缆有限公司,,,
宁夏天鹏智合大数据有限公司,,,
宁夏天然蜂产品科技开发有限责任公司,宁夏天然蜂,银川市永宁县望远,ea3d13b48a2d42e31X142N21F1Q~
宁夏天荣现代农业科技有限公司,天荣电子,滁州,7c6fc473d2940bd01nx82Nm4EVI~
宁夏天润丰高科技管业有限公司,宁夏天润丰高科技...,银川市兴庆区金茂建材城,9e701aa8d69d2f811nF839i7EVs~
宁夏天润禾环保科技有限公司,宁夏天润禾环保科技,银川市金凤区宁安大街,62dc793f3903d51c1HZ53t61GFo~
宁夏天润农农机服务有限公司,,,
宁夏天顺成科技有限公司,天顺成建设工程,兰州市城关区五泉,1b6a1c1574c453d00nV43dW8EQ~~
宁夏天通纸业有限公司,西贝餐饮,北京市昌平区天通苑,8ac922998e8ac8a01XB42dy6EVU~
宁夏天欣富宏农牧有限公司,,,
宁夏天雄碳材料有限公司,,,
宁夏天选云电子服务有限公司,,,
宁夏天一晟信息科技有限公司,天一晟科技,银川市西夏区北京西路,ada9546dc09a33f11X1429y8Eg~~
宁夏天胤电力通信工程有限公司,宁夏天胤电力通信工程,银川市金凤区宝湖市场,06fc2aaf1284b2f01XRy2Nm-GFY~
宁夏天鹰同创建筑技术有限公司,天鹰同创,乌鲁木齐市水磨沟区亚欧国际会展中心,fa948a93c4d6715b33Z4292_EA~~
宁夏天佑信息科技有限公司,天佑科技,银川市金凤区宝湖市场,63ec2063737e4edc1H1_3tq5EQ~~
宁夏天缘祺电力工程有限公司,,,
宁夏天之谷食品有限公司,天之谷,银川市永宁县望远,b7e4e0b94123892b1nx939q6GFM~
宁夏天筑予景建筑设计咨询有限公司,宁夏天筑予景建筑...,银川市金凤区新城,d0927b50d048794c03B83tW9EVQ~
宁夏天纵泓光余热发电技术股份有限公司,天纵泓光,哈密,bfef49486b40f1651ndy2N65FVU~
宁夏甜橙科技有限公司,甜橙科技,银川市金凤区开发区,997be2d0a49af4c90HV-2966EA~~
宁夏铁辰环境技术有限公司,铁辰,南京市雨花台区宁南,35c4e86c430ddd2003x909q4Ew~~
宁夏通标产品质量检验测试研究中心（有限公司）,,,
宁夏通昶医药物流有限公司,嘉兴通昶,嘉兴,bf9f6dce7dcceabd1HZy09i5ElI~
宁夏通力智能科技有限公司,通力电梯有限公司,海口市美兰区国兴,42b37373e94e19db1nd_3ty1GA~~
宁夏通特工贸有限公司,青海通特信息技术,西宁市城北区朝阳,501d78da7db378f41Hdy29m0EVs~
宁夏通信规划设计院（有限责任公司）,华为,北京,02cd05cce753437e33V50w~~
宁夏通信建设有限公司,华为,北京市海淀区西北旺,02cd05cce753437e33V50w~~
宁夏通宇电梯制造发展股份有限公司,宁夏通宇电梯制造发展,银川市永宁县望远,a86de339b53347731XN-09y0GFQ~
宁夏同望工程咨询有限公司,同望,北京市海淀区上地,965df755d19151070HZ73ty4
宁夏同盈现代农业发展有限公司,同盈财务,北京市朝阳区高碑店,14b0714bbeaa69011XJz2Nm8FVQ~
宁夏图兰朵酒业有限公司,雅宝图兰朵餐饮管...,北京市朝阳区朝外,bdfd2616097cce8a1nx62d24EFM~
宁夏万国科技有限公司,拜伦元宝科技,北京市东城区交道口,d925cfe161ae3f5803B72Nm5EFU~
宁夏万恒人防特种防护设备有限公司,,,
宁夏万鸿环境服务有限公司,德v房产,新乡市红旗区高新技术开发区,057090f910310da60nFy39S-GA~~
宁夏万辉生物环保科技有限公司,万辉生物,银川,5dece70fdb36fce11nF_29u8GVY~
宁夏万惠科技服务有限公司,,,
宁夏万界科技有限责任公司,盒马鲜生,上海市宝山区共康,b3eeae786aedaa270XFz09m0
宁夏万颗农业综合开发有限公司,,,
宁夏万牧山农牧有限公司,,,
宁夏万仕隆冷冻科技股份有限公司,宁夏万仕隆冷冻科技,咸阳,0709719a4fcf416d1Xxz2tq8EFo~
宁夏万通新型建材有限公司,万通药业集团,三门峡市湖滨区万达广场,6347ea0c1d33b9b41XB82tS_
宁夏万维智联科技有限公司,万维智联,邯郸市丛台区联纺,eb78a2876737ef6e1HF_2Ni6Elo~
宁夏万亿科技有限公司,万亿,银川市金凤区宝湖市场,63317a0563ffa3611nB72t-5GFs~
宁夏万众农业机械化服务有限公司,海底捞,榆林市神木市神木市中心城区,5b16aa4691ae33c41nZ43t2_Fw~~
宁夏王杰农资经营有限公司,水磨沟区南湖北路...,乌鲁木齐市水磨沟区南湖路,43ad1e8eee68b4081H1_2tu0Elc~
宁夏网虫科技传媒有限公司,,,
宁夏网界智慧产业发展有限公司,,,
宁夏网信创安信息技术服务有限公司,网信创安,银川市兴庆区绿地21城,0c729d8fb4e3c2881HV_3dW8GQ~~
宁夏网运通数字科技有限公司,网运通数字科技,银川市金凤区宝湖市场,7895aee0b5e6afae1nV82dW5FVc~
宁夏旺源众禾农业有限公司,,,
宁夏威尔信建筑科技（集团）有限公司,郑州威尔信,郑州市金水区农科路酒吧街,f17b7d3fd063cbb81nZy3Nu7E1s~
宁夏威科嘉动物科技有限公司,,,
宁夏威睿信息技术有限公司,vmware,北京市海淀区中关村,188cb595a5cf0be21XV42N20
宁夏微利信机械设备制造有限公司,,,
宁夏微众科技有限公司,,,
宁夏维尔康环境检测有限公司,维尔康,福州市晋安区新店,a0fab78319a8ad9f1nZ-29y4ElE~
宁夏维华新兴建设有限公司,宁夏维华新兴建设,银川市金凤区新城,75e8830a3e0f88931Hdy3dW9ElU~
宁夏维水源化工产品有限公司,宁夏维水源,银川,ee2b47b3e2f169321XR62tu6GFQ~
宁夏维益电气有限公司,弘汇,连云港市海州区花果山,e536b9cb5a376e7e0X1_3d-5Eg~~
宁夏维益电子科技有限公司,维益,银川市兴庆区中国银川国际商贸城,5a9e1e73d3a7a42d0XB63Nm6GA~~
宁夏伟昌钢化玻璃有限公司,,,
宁夏伟创药业有限公司,周口伟创广告有限公司,周口市川汇区文明路,7bc195eb02eade271HB43N60F1E~
宁夏伟航创业服务有限公司,伟航科技,长春市南关区临河,f0286dbd7ff7f3a41HZ809--EVs~
宁夏纬通实业有限公司,佳兆业铂尔曼酒店,惠州市惠城区江北,140ddc4510eadf271nx839-5FlQ~
宁夏未来生物科技有限公司,好未来,北京市昌平区回龙观,efa878c051261c7433Z6
宁夏味福季食品科技有限公司,,,
宁夏味尤美食品有限公司,味尤美,银川市兴庆区宝湖东路,d03bb60de810ed6c1nx839W8F1A~
宁夏蔚来视界科技有限公司,蔚来视界,沈阳市于洪区丁香湖,590aee092f929f6e1n1929W7ElM~
宁夏蔚来新材料技术研究院有限公司,NIO蔚来,北京市昌平区北七家,c61d023bc6632dd91XZy2dQ~
宁夏文掌柜食品有限公司,,,
宁夏闻墨科贸有限公司,闻墨文化传媒,莆田,0bc786d57e7203f81HF_2du0FVQ~
宁夏蜗牛新材料技术有限公司,宁夏蜗牛新材料技术,榆林市神木市大柳塔,23288f7ed3f2be9b1XB80965GVU~
宁夏沃尔丰葡萄酒有限公司,,,
宁夏沃美达生物医药科技有限公司,沃美达,银川,4d642ce6415c1c791HB63tm5E1I~
宁夏沃源闹夼┠劣邢薰司,,,
宁夏沃之源科技有限公司,沃之源,扬州,d6718a7bc44354fd0Hd_3tm1Fw~~
宁夏无为信息技术有限公司,北京拙朴东方健康管理,北京市昌平区回龙观,a2638b666b0cd5a31Hx82di0EFs~
宁夏无线互通信息技术有限公司,无线互通,银川,c88fcaf3ab3a90621nJ829S8FVo~
宁夏梧桐树产业孵化发展有限公司,山东财润知远教育...,济南,e0cedd17c4374dc003R80926F1M~
宁夏五丰农业科技有限公司,五丰商贸,漯河市源汇区漯河大学,59da2653fa6e786a1XJ83dW-Fw~~
宁夏五维科技有限公司,五维科技,银川市金凤区新城,0efb41b933ad3e961XN_0ti9E1s~
宁夏武发工贸有限公司,,,
宁夏西贝农林牧生态科技有限公司,西贝餐饮,北京市西城区金融街,8ac922998e8ac8a01XB42dy6EVU~
宁夏西部绿谷节水技术有限公司,西部绿谷节水技术,银川市金凤区宝湖市场,0cb0ca331e2606cc1XZy3dm1EQ~~
宁夏西部皮草有限公司,,,
宁夏西部云科信息技术有限公司,西部云科,银川市金凤区蓝山名邸,f6dafc09504d7a161nd-2N-7FFU~
宁夏西诚软件股份有限公司,宁夏西诚软件,银川市金凤区宝湖市场,8524a86a3ac0af3d1XZ73N-8FFA~
宁夏西格马农牧业有限公司,,,
宁夏西格玛科技有限公司,宁夏西格玛集科,银川市金凤区宝湖市场,86e82cd3dd7f71191nx539m6F1s~
宁夏西谷六方机电设备有限公司,,,
宁夏西渠华仁农林科技有限公司,,,
宁夏西戎物联科技有限公司,西戎物联,银川市兴庆区宝湖东路,b443023ef304b00d03B52ti4FA~~
宁夏西夏种业有限公司,,,
宁夏西月花卉科技有限公司,陕西西月文化传媒,西安市未央区文景路,f1e84052b021677703B90tW0GFA~
宁夏西竹食品有限公司,南京西竹,开封市龙亭区西司桥,56e111ad43df025c0HZy2dq9Fw~~
宁夏希望田野生物农业科技有限公司,希望田野设计公司,景德镇,f99dec33f634a89f1XF_39u7EFM~
宁夏希望信息产业股份有限公司,希望软件,银川市金凤区宝湖市场,ce8625c16f0730d103Z-0924GA~~
宁夏玺鹿网络信息科技服务有限公司,玺鹿,银川市兴庆区中国银川国际商贸城,2bee6605d68d57b31nZ_3dm7GFE~
宁夏夏能生物科技有限公司,宁夏夏能生物科技,银川,d2365660f2731f7f03B-0tS7F1Q~
宁夏夏瑞生物科技有限公司,深圳市夏瑞科技,深圳市宝安区石岩,074b1961ca3bf4001XN_2N-9FVM~
宁夏夏盛实业集团有限公司,夏盛集团,北京市朝阳区亚运村,e8e258e05e2c9b4a1nV42dm0GVU~
宁夏夏禹节水科技有限公司,,,
宁夏先禾科技传媒有限公司,江西先禾服饰有限公司,宜春,5c91b36e6aca59ea1XN43d2_F1M~
宁夏先科电力设计咨询有限公司,丹东先科,丹东,72b9cd0a1c78c68b1ndy3Ny-GVY~
宁夏鲜丰农业开发有限公司,鲜丰水果,宁波市镇海区蛟川,a741a6c0e1d33baa1Xx539q4
宁夏祥瑞升生态环境有限公司,,,
宁夏祥瑞智能科技有限公司,宁夏祥瑞智能科技,银川市金凤区宝湖市场,2f8f50c2f8d2fcf81Hx40ti9EVo~
宁夏祥云文化传播有限责任公司,爱回收,北京市顺义区天竺,a3793c3f60336a8b1nJ63NW7GFU~
宁夏享誉生物科技有限公司,享誉科技,眉山市仁寿县仁寿大道,baba21a7430f68501Xx-3dq6E1A~
宁夏向量信息技术有限公司,百度在线,北京,ccb3335c82c3f7ac1XV83du4
宁夏骁啸光电科技有限公司,,,
宁夏霄霞生态科技股份有限公司,,,
宁夏小巨人科技有限公司,创元帮,北京市房山区良乡,67fc8e68dc83b6901XRy09i4GFY~
宁夏小牛自动化设备股份有限公司,小牛自动化,银川市金凤区新城,dd411fc0a2796da60X160t-8FQ~~
宁夏小任果蔬现代农业产业有限公司,小任果蔬,银川市永宁县望远,c414e95bdb34e2821X1z3ti-EA~~
宁夏晓鸣农牧股份有限公司,,,
宁夏校萌科技有限公司,班级小管家,北京市朝阳区望京,0eb3cad3376870020HB82Nm7EQ~~
宁夏协成电气有限公司,协成亨,深圳市宝安区西乡,8deab4c98fc3e6d21XV53Nq6Flo~
宁夏协力装备有限公司,协力装备,银川市西夏区北京西路,3dfcec612de8dd0b1HB50964E1M~
宁夏芯电数字科技有限公司,宁夏芯电数字科技,银川市金凤区开发区,d9fa9c285968e7871Xx_2NS-FFc~
宁夏芯印象科技有限公司,,,
宁夏昕能电力技术有限公司,,,
宁夏昕远通交通科技有限公司,宁夏昕远通交通科...,银川市金凤区良田,bd06c6b5d47819541XV93NS6Eg~~
宁夏欣奥化工有限责任公司,欣奥,兰州市城关区雁滩,bd83f77bca45995a1nZ42dS-E1o~
宁夏欣达节能技术有限公司,欣达节能,银川市兴庆区兴庆府大院,f8621f4dbbec670c1XBy0tq_Elc~
宁夏欣光泰电力技术有限公司,欣光泰,吴忠,d47302b8a2ec68230HN72tS9Fw~~
宁夏欣凯烨信息科技有限公司,宁夏欣凯烨有限公司,银川市金凤区阅海,7bf08d22b14c403e1nF509q4EFQ~
宁夏欣迈建设工程有限公司,欣迈教育,绍兴,898d8b1cf9fe2a6133N53tm1EA~~
宁夏欣烨包装制品有限公司,荆州欣烨贸易有限公司,荆州市沙市区荆州经开区,3955d41d5c6e414b1XB939y-EFI~
宁夏欣源绿逸农业发展有限公司,,,
宁夏新阿里生态农业发展有限公司,,,
宁夏新澳农牧有限公司,,,
宁夏新澳羊绒有限公司,,,
宁夏新百丰科技发展有限公司,新百丰科技,银川市兴庆区绿地21城,d62c9f5308c1a7451nB63dW8F1U~
宁夏新彩工程建设有限公司,宁夏新彩,银川市金凤区万达中心,f52237a28001e4521XV839u1Flc~
宁夏新创艺实业有限公司,新创艺,银川市金凤区阅海,36bdc3b1c33bdcfa0XB72d60Fg~~
宁夏新东方食用油有限公司,宁夏新东方食用油...,银川市永宁县望远,09a3b029a7ea00e91nx629-9FlM~
宁夏新丰益节能科技有限公司,,,
宁夏新阜特能源服务有限公司,,,
宁夏新航信息科技有限公司,新航,银川市金凤区阅海,d5b71d0dc1ac63971nN82tq5F1U~
宁夏新鸿科液压技术有限公司,,,
宁夏新华物流股份有限公司,,,
宁夏新慧彬葡萄酒庄有限公司,,,
宁夏新金凰印刷有限公司,,,
宁夏新明润源农业科技有限公司,,,
宁夏新起点现代农业装备科技有限公司,起点农业,银川市兴庆区中国银川国际商贸城,3b6cba3639b00a6f03V83dW8Ew~~
宁夏新瑞长城机床有限公司,,,
宁夏新瑞铸造有限公司,,,
宁夏新世线国际会展服务有限公司,,,
宁夏新思科管理咨询有限公司,新思科管理咨询,银川市永宁县望远,ba94a274283b805903R42dy4Fg~~
宁夏新中绒羊绒服装有限公司,,,
宁夏新中意门业有限公司,新中意,常德,9e4ad96c1ff301841XB53Ny-FVs~
宁夏歆通物流科技有限公司,,,
宁夏歆宇供应链科技（集团）有限公司,宁夏歆宇供应链科技,银川市金凤区宝湖市场,81bd9be5661aa2401XB73Nu0EVI~
宁夏鑫柏瑞环保工程有限公司,甘肃鑫柏瑞建筑材...,张掖市民乐县东圃路,0217aff65fb5bcbb1nR829W0E1I~
宁夏鑫昌广源装饰工程有限公司,,,
宁夏鑫晨玉润智能科技有限公司,,,
宁夏鑫尔特新能源有限公司,鑫尔特,银川,12caba2c834053851XJ60tm8FVE~
宁夏鑫沣农业科技有限公司,鑫沣农业,银川,e84b57c76842aefa1HR-2tq0F1Y~
宁夏鑫昊石建材有限公司,昊石建材,银川市兴庆区金茂建材城,a74bd501b1407d3a1nB409y-GVo~
宁夏鑫昊源农牧开发有限公司,,,
宁夏鑫煌绒业有限公司,,,
宁夏鑫嘉年华汽车维修服务有限公司,鑫嘉年华,银川市兴庆区宝湖东路,120ce20e828432fb3nF63dq0GQ~~
宁夏鑫晶盛电子材料有限公司,茂名市鑫晶盛电子商务,茂名市茂南区高凉北,c555cc747b8adf8f03Ry3Nu1EFA~
宁夏鑫磊建设工程检测服务有限公司,鑫磊,安顺,778f3ab74a5412d21nd-3Ny7FFE~
宁夏鑫泰科技有限公司,鑫泰科技,银川市灵武市宁东镇,eb4057a73567aa331Xd52dS4GVY~
宁夏鑫泰牧业有限公司,,,
宁夏鑫通道路工程咨询有限公司,鑫通汽车销售,博尔塔拉蒙古自治州博乐市博尔塔拉,3be54bcce45687bb1nZ539q0FlE~
宁夏鑫旺铝业有限公司,宣城市鑫旺塑业有...,宣城,1460304cd415daf51n143Nu6F1E~
宁夏鑫新顺达农牧有限公司,,,
宁夏鑫洋门窗有限公司,辽宁鑫洋,沈阳市于洪区东湖,af64c5c0f4ddcfb91nN73dS_Eg~~
宁夏鑫烨科技发展有限公司,鑫烨科技,银川市金凤区宁安大街,4764afd1618624121XN83tS_F1s~
宁夏鑫优仕信息科技有限公司,鑫优仕科技,银川,79c910d975cefd9e0Hx429y4EQ~~
宁夏鑫佑门窗有限公司,宁夏鑫佑门窗有限公司,银川市永宁县望远,e3fdeb5ee8992a991XB929i4FlU~
宁夏鑫源伟业企业管理有限公司,鑫源,和田地区,4a5ca519a0162a301Hd_0tu_FlM~
宁夏鑫之翊技术咨询有限公司,鑫之翊,银川市金凤区新城,cfc53963ae063f7e1XVz2du4E1I~
宁夏鑫之翊科技有限公司,鑫之翊,银川市金凤区新城,cfc53963ae063f7e1XVz2du4E1I~
宁夏信安永达科技有限公司,宁夏信安永达科技公司,银川市兴庆区新华,7c016b05fc0946613314096-FA~~
宁夏信德恒源新材料有限公司,,,
宁夏信通网络科技有限公司,深圳网新新思,北京市大兴区亦庄,782c710ca4bd5ddb03F52NQ~
宁夏信友监理咨询管理股份有限公司,宁夏信友监理,忻州市忻府区开发区,9de030a231f34d710nd43ty-
宁夏信准检测技术服务有限公司,TST信准检测,东莞市厚街镇寮夏,4e988beb1ea869121Xd42dq8Eg~~
宁夏星辰医疗器械有限公司,上海阶跃星辰智能科技,北京市海淀区苏州桥,2dd732abbc1fae841XJ92N20F1Q~
宁夏星航网络科技有限公司,宁夏星航网络科技...,银川市金凤区宝湖市场,79ad921a6326f9951nJ_0tq-ElE~
宁夏星瀛网络科技有限公司,星瀛网络科技,中卫市沙坡头区明珠,6acf1252dbae56311nV52du7E1c~
宁夏行云信息科技有限公司,海行云,芜湖市镜湖区左岸生活,3d9138226d051ba21nxy0ty0F1c~
宁夏兴电工程监理有限责任公司,兴电国际,北京市海淀区紫竹桥,33f42551e98098020HJy2d27Eg~~
宁夏兴华互通供应链有限公司,,,
宁夏兴华宇天然物产有限公司,兴华宇,银川市金凤区宁安大街,22b0745f0eb6ffce0XN93Nu0Eg~~
宁夏兴捷报废汽车回收有限责任公司,,,
宁夏兴灵粮油有限公司,,,
宁夏兴日晟环保科技有限公司,兴日晟,银川市金凤区开发区,3394e2caa88acea20HJ62dq1GQ~~
宁夏兴盛驾驶员培训有限责任公司,安徽兴盛房地产经...,淮北市相山区人民路,41016a156cad17271nx92N67ElQ~
宁夏兴唐米业集团有限公司,吉利控股集团,深圳市龙岗区横岗,754b2fa05c5e813e3n15294~
宁夏兴亚节能环保科技有限公司,兴亚节能,银川市金凤区新城,ab4a4c8bac98108c1nN-39q1FVc~
宁夏兴源达农牧有限公司,,,
宁夏兴卓交通建设工程有限公司,,,
宁夏雄牛酒业有限公司,雄牛酒业,银川市贺兰县太阳城,1c35e0d2a85141f91XZ439W_FFI~
宁夏雄仕达汽车服务有限公司,宁夏雄仕达,哈密市伊州区石油基地,6f24e4d8c7eab2b11nxz29W-F1I~
宁夏雄越农牧专业合作社,,,
宁夏旭景川夏信息工程有限公司,,,
宁夏轩禾源农牧有限公司,,,
宁夏玄瓷新材料科技有限公司,,,
宁夏雪福多食品科技发展有限公司,宁夏雪福多食品科...,银川,4ad9090e915967631XN42969ElM~
宁夏讯浦通讯科技有限公司,南京讯浦网络科技,南京市建邺区西善桥,bac65411212f99b003B73Nu-Fls~
宁夏迅海技术有限公司,浙江迅海,绍兴市柯桥区柯桥万达广场,21245996dea84dbe1HZ839m8E1U~
宁夏迅联科技有限公司,迅联房地产,新乡市红旗区宝龙城市广场,78e27971143b6c690n1_09-1FA~~
宁夏巽坤合巨农业开发有限公司,,,
宁夏言辰科技有限公司,言辰科技,银川市金凤区新城,d936ae4e875925723nRz2dy5FA~~
宁夏阳光新能源开发有限公司,啄木鸟家庭维修,北京市朝阳区高碑店,42e5ee8b4968852e03R52tq4Elo~
宁夏遥创物联网科技有限公司,,,
宁夏一粒丰农业科技有限公司,,,
宁夏一面香传食品加工有限公司,一面香传,银川市兴庆区新华,0bfa18966b44f7281XBy0tW9GVs~
宁夏一沐智云网络科技有限公司,,,
宁夏一山科技有限公司,宁夏一山科技有限公司,银川市金凤区万达中心,82a5ba3842f74d641XJ62tS0Els~
宁夏伊地地质工程有限公司,,,
宁夏伊禾食品有限公司,伊禾生物科技,珠海市香洲区前山,a58dcb84a5af27b91XZ_3tq1FA~~
宁夏伊佳仁食品有限公司,伊佳仁,漯河市郾城区会展中心,060ec40c141b5a650HB929u4Fg~~
宁夏伊凯能源管理节能有限公司,伊凯,金华,8eceb5268573035f0nBy39S0FA~~
宁夏伊瑞朵食品有限公司,,,
宁夏壹诺新能源有限公司,壹诺电力,常州市金坛区薛埠镇,258ddecece6b7a831nRy39q-Ew~~
宁夏壹泰牧业有限公司,宁夏壹泰牧业有限公司,银川,03fe282f5d95a5991XZ53tS_FVQ~
宁夏宜能环保科技有限公司,宜能,安庆,fa9a3afaa69242231nN-2N25ElQ~
宁夏以鲜冠农业科技有限公司,以鲜冠,银川市兴庆区新华,68805530cfee50011Xd509m0EFI~
宁夏亿博丰担保品管理有限公司,亿博丰,银川市金凤区阅海,28375e8d2b9d948c1nN-3d60FVI~
宁夏亿车科技有限公司,亿车科技,深圳市南山区科技园,21c233bd842a2fbd1X1-2ty7
宁夏亿次元科技有限公司,亿次元文化,福州市仓山区金山,412d89f0d768d9101nB_2tW6FFI~
宁夏亿丰建设工程有限公司,,,
宁夏亿伏科技有限公司,,,
宁夏亿嘉阳光国际贸易有限公司,,,
宁夏亿嘉益机械设备有限公司,,,
宁夏亿能固体废弃物资源化开发有限公司,,,
宁夏亿智慧信息科技有限公司,亿智慧科技,银川,a2798e512f94dd693nFy2NW8
宁夏艺丰农业有限公司,,,
宁夏艺乐升辉网络科技有限公司,,,
宁夏艺盟礼益文化艺术品有限公司,,,
宁夏亦浓酒庄有限公司,,,
宁夏亦生科技服务有限公司,,,
宁夏易宸天智科技有限公司,,,
宁夏易聚高显光电技术有限公司,,,
宁夏易龙信息技术咨询服务有限公司,易龙信息,银川市金凤区宝湖市场,2f31cf71cdd7d9bb1nVy39i8Elc~
宁夏易通联创科技有限公司,,,
宁夏易兴新材料发展有限公司,易兴新材料,银川市贺兰县德胜,ded09a706f93bb421XFy3di8GFA~
宁夏易讯通电子科技有限公司,山东易迅通科技,济宁市任城区火炬路,916e6b77e2cb226a1nV93t25Flc~
宁夏奕华盛科技有限公司,,,
宁夏奕N信息科技有限公司,宁夏奕N商贸有限公司,银川市兴庆区解放西街,9f10e2d69c274c181nd93Ny0GFo~
宁夏益丰智慧农业科技有限责任公司,,,
宁夏益君面粉有限公司,益君面粉,银川市兴庆区中国银川国际商贸城,5a3422bc13a2b2390XZ83d--Ew~~
宁夏益农利牧农牧有限公司,,,
宁夏益农投资咨询有限公司,益农新能源,榆林市榆阳区火车站,6202bada8b3c2f511Hd53Ny4Els~
宁夏益农新能源有限公司,益农,泰州,5088bff01faae7860nx90ti6FQ~~
宁夏益千佳智能科技有限公司,四川益千佳,安顺,eaf16481ca36f8941XB629m4FFc~
宁夏益智电子商务有限公司,豌豆思维,北京市朝阳区高碑店,41d61df6493d073f0nJ_39u4
宁夏逸城中通建材有限公司,,,
宁夏逸帆卫宁科技有限公司,,,
宁夏逸凡包装有限公司,沈阳逸凡摄影有限公司,沈阳,33a2e1598840e5a603R82ti9EVM~
宁夏翊昊宏翔信息科技有限公司,翊昊宏翔信息科技,银川市西夏区西花园,7f0d3e6c275d5ade1nF42N6_FlM~
宁夏翌博信科技有限公司,,,
宁夏茵迪通信工程有限公司,,,
宁夏银安文化产业有限公司,,,
宁夏银报智能印刷科技有限公司,,,
宁夏银川大河数控机床有限公司,,,
宁夏银得利科技发展有限公司,宁夏银得利科技,苏州市吴中区木渎,38467a7b3d3f7cc81nZ909W_E1Y~
宁夏银方智能科技有限公司,山东银方金融后台...,济宁市任城区埠勇,ff6b5eaa5c5d74cd1Hd72Ny-E1M~
宁夏银福鼎食品有限公司,,,
宁夏银河智能仪表科技有限公司,,,
宁夏银恒紧固件制造有限公司,,,
宁夏银湖农林牧开发有限公司,美团,深圳市龙岗区坪地,b633a34f787d94f21nZ_0929E1I~
宁夏银华铝业有限公司,宁夏银华铝业有限公司,银川,a53982f0b67888c71XVz39q1ElA~
宁夏银利电气股份有限公司,银利电气,银川,5de3f967bfb572de0HJz396_GA~~
宁夏银松科技发展有限公司,济宁银松机械制造,济宁,6cde6cdc9497013b1XB43N64GVs~
宁夏银兴科技服务有限公司,银兴科技,北京市海淀区学院路,b6c1b34be5d491430nF429i_
宁夏银亚钢结构制造有限公司,银亚钢构,银川市永宁县望远,f765aa03fabec7501XRz29-8F1U~
宁夏银洲通信技术咨询有限公司,银洲通信,银川市兴庆区北京东路,ace71791a09db3b50HR82Nq-FA~~
宁夏饮和食品发展有限公司,饮和食品,银川,7a289a3251eb8e961XB83NW1GVE~
宁夏英杰达信息产业有限公司,英杰达,银川市金凤区阅海,f6e73f200577bf7133Fz09-6Ew~~
宁夏英泰力信息技术有限公司,,,
宁夏迎鑫达门窗装饰有限公司,,,
宁夏赢盾智能科技有限公司,赢盾智能科技,银川,5a8f6c5a7cbf1abe1H1-0tW0FFU~
宁夏永澳源农牧有限公司,宁夏永澳源农牧,银川,06f847a847e27dc91XR82NW6Fls~
宁夏永和光福新能源有限公司,,,
宁夏永丽丰智能科技有限公司,永丽丰,银川市金凤区宝湖市场,fe25f6be8394a8da1HV50t64FA~~
宁夏永农生物科学有限公司,宁夏永农生物,银川,fb41790e35bb73b81nNy3Nm0EFE~
宁夏永煦模板科技有限公司,永煦模板,银川,94b3f834dd91aa071nd-0tS4F1o~
宁夏勇峰建筑工程有限公司,,,
宁夏优跃信息科技有限公司,优跃信息,银川市金凤区开发区,816d59da794115d21HJ93di_EA~~
宁夏友麟农业开发有限公司,,,
宁夏有梦青年电子商务有限公司,有梦青年电子商务,银川市金凤区宁安大街,4e109882b7ad6b341XN939m1FVE~
宁夏有为信息技术有限公司,,,
宁夏佑安安全技术咨询有限公司,慢性病防治与健康教育,北京市丰台区菜户营,31b2c38884cdc5e00XZz2N27Eg~~
宁夏于味鲜食品有限公司,于味鲜,银川市贺兰县德胜,2d02ec853563c47f0H193dW1Fw~~
宁夏渔掌门生态农业旅游有限公司,端州区渔掌门餐厅,肇庆市端州区七星岩东门广场,4b51456fd7d614561XN_0tm_ElI~
宁夏与声聚莱文化传媒有限公司,,,
宁夏宇邦科技服务有限公司,宁夏宇邦科技服务,银川市金凤区宝湖市场,042ff6c0593197271XB93tq6FFM~
宁夏宇成蓝天环保输送设备有限公司,宇成蓝天环保公司,乌海,420482540bbbe9441nZy3920Flo~
宁夏宇华伟业量仪精密铸造有限公司,,,
宁夏宇能链科技物流有限公司,,,
宁夏宇信通智能科技有限公司,宇信通,银川市金凤区万达中心,bee4f063e27fd1c21nNy09u5GVE~
宁夏禹泉信息技术有限公司,禹泉科技,银川市金凤区民生花园,84197bd6eeb28afc1nx_2tW5EVo~
宁夏禹羿文化科技有限公司,禹羿动漫,银川市金凤区阅海,54718f703ec1a5261Hx40tW5Fw~~
宁夏玉林洋食用油有限公司,,,
宁夏玉泉生物肥料有限公司,TATA木门,北京市丰台区花乡,cb05b721aef679c133d629q_
宁夏玉山机械设备制造有限公司,玉山机械,银川市西夏区西花园,a6f4a267f4c74b811HV_39W1E1o~
宁夏昱博市政建设工程有限公司,昱博体育,北京市房山区长阳,2c52a601b2fcfa9f1HJ72Nm4EVQ~
宁夏昱皓软件技术有限公司,河南昱皓环保科技,焦作市解放区焦作影视城,b23896bd847a1caf1H1y0tS9GVA~
宁夏钰瑶鑫晟农牧有限公司,,,
宁夏裕凌丰食品有限公司,,,
宁夏煜州电子科技有限公司,宁夏煜州电子,银川市金凤区万达中心,64970941867823410XNy2dm5GQ~~
宁夏誉兴包装印刷有限公司,宁夏誉兴包装印刷...,银川,af24213af7bf378d1nJ72tS-GVU~
宁夏毓晨电机维修有限公司,,,
宁夏元创安环科技有限公司,,,
宁夏元昊电力工程有限公司,元昊装饰,汕尾市城区东涌,0936b91f8c359fe71nF83Nm5GVI~
宁夏元蔚环保科技有限公司,元蔚,银川市兴庆区北京东路,f25f5eaea9af67b61nZy3tW1EVM~
宁夏原歌葡萄酒庄股份有公司,原歌酒庄,银川,3a608acbc60360f91nF439i6GVM~
宁夏圆惠环保科技有限公司,,,
宁夏源安技术咨询服务有限公司,源安顺达货运代理,深圳市宝安区福永,de6c5132214a1aee1ndz29S8GVs~
宁夏源采信息技术有限公司,源采商贸,大同市平城区水泉湾龙园,88d56f9037ac80ec1nZ92dS8FFs~
宁夏源码信息技术有限公司,源码信息,银川市兴庆区中国银川国际商贸城,e3e4e88dc50b93290nBy0tq1
宁夏源森炽科技有限公司,源森炽,银川市金凤区良田,40eed716c397e0fc0nJ42NW9FA~~
宁夏源众技术服务有限公司,源众药业,台州,02046d0c874d51c01nd42dS_Flc~
宁夏远诚新材料实业集团有限公司,远诚实业,银川市金凤区阅海,86e3374f9edf3c2d1nd43tm9Elc~
宁夏远大城建建筑工业有限公司,,,
宁夏远帆企业管理咨询有限公司,远帆包装,杭州市萧山区湘湖,39e30294fbeee4e01nZ409u_GVI~
宁夏远鹏建设工程有限公司,宁夏远鹏建设工程,银川市永宁县杨和,fede6164a50ed2991Hd-2924FVs~
宁夏阅动矩阵科技有限公司,,,
宁夏阅润科技有限公司,阅润科技,银川市金凤区开发区,1e09292dc8ece516331y2dW0Ew~~
宁夏悦丰生态农业科技股份有限公司,羽馨物业公司,澄迈,94860a821b5005d21Xd63924GFo~
宁夏悦海农牧开发有限公司,,,
宁夏悦养新能源科技有限公司,半亩良人农业产业发展,银川市金凤区开发区,6f18849b5da2c3091HR72t21FVs~
宁夏跃尚元工程应用有限公司,,,
宁夏云从信息技术有限公司,宁夏云从信息技术,银川市金凤区宝湖市场,62c144128fa4e3f21X173N-1EVA~
宁夏云桦智慧能源有限公司,宁夏云桦智慧能源...,银川市金凤区新城,3fdd7934091fa3e91nN809m9EVc~
宁夏云控农业物联网科技有限公司,,,
宁夏云联智享工程技术有限公司,,,
宁夏云泰源农牧有限公司,,,
宁夏云图勘测规划有限公司,,,
宁夏云网智信科技有限公司,宁夏云网智信,银川市金凤区宝湖市场,60fdb10dd759492a331-29-0FQ~~
宁夏云信达科技有限公司,南京云信达,北京,368aa9ea54623cc21XV43NS6Eg~~
宁夏云叶科技有限公司,,,
宁夏云逸智联数字科技有限公司,云逸智联,银川市金凤区宝湖市场,cd020d60219d22a21XFy3Nu0EVA~
宁夏昀启昕机械再制造有限公司,,,
宁夏运富祥工程机械有限公司,,,
宁夏泽辉节能环保科技有限公司,泽辉法律,武汉市洪山区关山,cfad2e02cba9c55e1Hxy0tu4EFI~
宁夏泽瑞隆环保技术有限公司,泽瑞隆环保,银川市永宁县望远,96e203cacf32c3e633B80tS9EA~~
宁夏泽瑞生态养殖牧业有限公司,泽瑞商贸,张家口市桥东区帝达购物广场,354f0952901382321XJ82Nu1Fg~~
宁夏泽新信息技术服务有限公司,泽新安全,银川市金凤区阅海,23d4897a1b40708533V_29y7FQ~~
宁夏泽艺洲智能装饰工程有限公司,,,
宁夏泽友信息技术有限公司,,,
宁夏展信科技有限公司,,,
宁夏占龙牧业开发有限公司,,,
宁夏长鼎夜视新技术开发有限公司,,,
宁夏长和翡翠酒庄有限公司,宁夏长和翡翠酒庄,银川市金凤区森林公园,d15db1ca0fffef291HZ72964FFQ~
宁夏长宏康农业发展有限公司,山东长宏康电子信...,聊城,f35e1beec994123d03Vy2N64GVE~
宁夏长济农业科技有限公司,长济农业,银川市永宁县望远,2fd6ac76ebbbd5421XV_3dm9E1M~
宁夏长骏科技咨询有限公司,郴州长骏汽车销售,郴州市北湖区郴州高铁西站,336bf67f0f7c89a71H1439--GFU~
宁夏长庆石油机械制造有限责任公司,河南彬彬有礼餐饮管理,郑州市新密市青屏广场,8f75ef12251fae031HR909-_F1I~
宁夏长兴精密机械有限公司,海底捞,湖州市长兴县利时广场,5b16aa4691ae33c41nZ43t2_Fw~~
宁夏兆瑞电力工程有限公司,兆瑞电力,银川市金凤区良田,be623846113add561HVz09i7Fw~~
宁夏珍祥建筑机械有限公司,,,
宁夏真新鲜供应链管理有限责任公司,,,
宁夏甄选信息技术有限公司,东方甄选,北京市海淀区中关村,cdd3709aaa2cafc51XZy2Ny1EFY~
宁夏臻牛农牧有限公司,,,
宁夏振国米业有限公司,振国教育,肇庆市端州区七星岩东门广场,c312536b6dc902291nx83N20E1A~
宁夏振鑫环保科技有限公司,,,
宁夏镇朔科贸有限公司,,,
宁夏征信有限公司,万声通讯实业有限公司,北京市昌平区南邵,916b7c05b64eca0c1nV90tq9GA~~
宁夏正邦品牌管理有限公司,正邦集团有限公司,昆明市呈贡区呈贡大学城,72636f5d3705d2ed0XZ_2Nm8
宁夏正德源科技发展股份有限公司,新疆正德源商贸,昌吉回族自治州,05c2ba04439a9d0803d40ty1EFQ~
宁夏正合安科技有限公司,,,
宁夏正普流体设备有限公司,宁夏正普,银川,138a177cff208de1331y2NS-EQ~~
宁夏正禹工程技术有限公司,蚌埠正禹金属材料销售,蚌埠市蚌山区蚌埠高新区,62d60a036f3a956b1HR40920GVI~
宁夏正源建设监理有限公司,,,
宁夏正源医药有限公司,,,
宁夏正筑建设工程有限公司,正筑,杭州市拱墅区古墩路,346545c17beec3e51HR_0t6-E1E~
宁夏政安信息科技有限公司,,,
宁夏政诚检测有限公司,政诚财税,合肥市蜀山区二环路,912db928308133da1XJ43N-1E1c~
宁夏知策信息科技有限公司,知策科技,银川,59090827473f26541HZy2N67FlE~
宁夏知光科技有限公司,知光公司,呼和浩特市赛罕区金桥,2eb0a856d88190491HZ-3t-7F1U~
宁夏植安农林科技有限公司,植安农林,银川,e3ec8c91846a31001XB_09u6E1o~
宁夏指数科技有限公司,指数科技,银川市金凤区开发区,3d398b767a5f9cd11nZy2N-4GFo~
宁夏至信万合信息产业有限公司,至信万合,银川,39a4b2af003081d11nd909i_FlU~
宁夏志成知识产权代理有限公司,,,
宁夏志辉建材有限公司,宁夏志辉建材,银川,c9e122e64478dae11nd539i_EVU~
宁夏志辉砂石有限公司,志辉砂石,银川,546c6c68c5c7f0101HF82du_FlM~
宁夏志忠工业固体废物处置有限公司,杭州志忠五金机械厂,杭州市余杭区瓶窑,c5804a63552d7cc51Hxy09S8E1s~
宁夏致远互联软件信息技术有限公司,宁夏致远,银川,ca9eeaffffc508a91nVz0961FFE~
宁夏智安电力工程有限公司,智安电力,银川市金凤区宝湖市场,46f7d6800b82c0961X1639W8FVo~
宁夏智柏健康科技有限公司,,,
宁夏智辰信息科技有限公司,智辰科技,石嘴山,f90ad3f8afc1619c1Xd839y4EFs~
宁夏智诚智谷生物科技有限公司,,,
宁夏智达科技咨询有限公司,,,
宁夏智德网络科技有限公司,智德,银川市金凤区开发区,ac9ba4d8c84af62e0HFy3Nm7EA~~
宁夏智恒鑫科技有限公司,,,
宁夏智弘生物科技有限公司,,,
宁夏智惠宁安安防科技有限公司,,,
宁夏智慧宫文化传媒有限公司,,,
宁夏智教科技有限公司,,,
宁夏智杰伟业软件工程有限公司,宁夏智杰伟业软件工程,银川市金凤区万达中心,03074a910099ae1c03d739S5FVc~
宁夏智控能源科技有限公司,,,
宁夏智联检测科学技术研究所（有限公司）,,,
宁夏智林智能科技有限公司,,,
宁夏智信管理咨询有限公司,宁夏智信管理咨询,银川市金凤区宝湖市场,b1f98e0eecb17dbb1XRy2ti_E1M~
宁夏中博供应链有限公司,广东中博,韶关,d46601265dd2954f1nV-3tm5FVQ~
宁夏中测计量测试检验院(有限公司),浙江中测航空科技,绍兴市上虞区开发区,49a462823021e91a03V82N60FFU~
宁夏中测计量测试检验院（有限公司）,浙江中测航空科技,绍兴市上虞区开发区,49a462823021e91a03V82N60FFU~
宁夏中创科工贸有限公司,中创,银川市兴庆区蓝泰广场,5a03a0f3f88b05a703J43NS0FQ~~
宁夏中创智能科技有限公司,宁夏中创智能科技,银川,8cad621a0a441dac1HFz3Nm_GFc~
宁夏中德易家信息科技有限公司,,,
宁夏中电联创电气自动化有限公司,,,
宁夏中梵数智科技有限公司,,,
宁夏中昊银晨能源技术服务有限公司,中昊银晨,银川市金凤区阅海,0decde541022b0e81nd80tS7EVM~
宁夏中禾瑞丰生态农业科技有限公司,北京中禾瑞丰农业...,北京,0694d7abdb1879031HF63tm1F1Q~
宁夏中和永利科技有限公司,中和永利,银川市金凤区宝湖市场,dbd0c3cd90e873170nR-3Nq6Ew~~
宁夏中宏国建检测有限公司,,,
宁夏中环光伏材料有限公司,方叔叔,北京市东城区王府井,72027357cf6f38a403162ty4GA~~
宁夏中环国安咨询有限公司,,,
宁夏中环绿色建筑规划设计院有限公司,,,
宁夏中建万喜建筑有限公司,,,
宁夏中景润通新能源有限公司,,,
宁夏中科恒瑞智能科技有限公司,,,
宁夏中科精科检测技术有限公司,中科精科,银川,a3c8c1db414e924a1nNz29-7EVA~
宁夏中科欧德科技有限公司,,,
宁夏中科瑞达光电科技有限公司,,,
宁夏中科天际防雷检测有限公司,,,
宁夏中科天际防雷研究院有限公司,,,
宁夏中科物联技术有限公司,中科体检,宜春市袁州区明月北路,9640aeda457baf2233V909i-Fg~~
宁夏中米科技有限公司,中米北京,北京市朝阳区四惠,76e2b4ad6a69c4a81XFz29m6EQ~~
宁夏中农生态农业开发有限公司,,,
宁夏中青生物科技有限公司,湖南省中青旅国际...,岳阳市岳阳楼区新路口,b6c5f364217533151XBz2dm_GFU~
宁夏中瑞祥机械有限公司,中瑞祥,新乡市辉县市稻香路（百泉路）沿线,0302e115d17d88af1HZ82NW6GQ~~
宁夏中胜勘测规划设计院有限公司,中胜勘测设计院,银川,c57b59af71e5f8db0XF-2926Fw~~
宁夏中盛建材科技有限公司,宁夏中盛建材科技,银川,d2941da4d3e40e341Xdz39u5F1o~
宁夏中时农业科技发展有限责任公司,中时科技,北京市房山区良乡,2f26982e482af9040nZ-3920Fg~~
宁夏中拓农业机械有限公司,医疗养老服务中心,长春,66c2760392fe6f381nB83dW5E1A~
宁夏中泰富瑞科技有限公司,,,
宁夏中碳节能环保科技有限公司,,,
宁夏中天昊广告装饰有限公司,中天昊,石家庄市长安区跃进,3f39a1988c05037f1nx60tq_E1Q~
宁夏中天经纬工程咨询有限公司,中天经纬工程咨询,银川,72c18403932a78b81XB83Ny4ElY~
宁夏中投数字科技有限公司,,,
宁夏中图工程咨询有限公司,中图咨询,银川市兴庆区绿地21城,cfa618b4a81990a71nVy2Nq4F1o~
宁夏中微泰克生物技术有限责任公司,,,
宁夏中维科技板业有限公司,中维安全检测,青岛市城阳区流亭,1d7fb31bec2125431nJ539S-F1E~
宁夏中小在线信息服务有限公司,宁夏中小在线,银川市金凤区宝湖市场,be5ee42915ebbc5b1nJ43dq5ElI~
宁夏中欣晶圆半导体科技有限公司,宁夏中欣晶圆半导...,银川,5682b2caf42a58f21XV639S7Flc~
宁夏中旭基业环保科技有限公司,,,
宁夏中岩基业建设有限公司,,,
宁夏中耀环能科技有限公司,中耀环能,银川市金凤区开发区,a4ff560c87ca20a01XB93Nm1Ew~~
宁夏中移和创科技有限公司,,,
宁夏中振电力有限公司,宁夏中振电力有限公司,银川市金凤区宝湖市场,4321108ebbeb1ae71HJ_2dy_EVA~
宁夏中正华远科技有限公司,,,
宁夏中知视界科技有限公司,中知视界,银川市金凤区宝湖市场,33c8ffbecdf5d4713nR42ty0GQ~~
宁夏中铸合金材料有限公司,宁夏中铸合金材料,银川市永宁县望远,842803c30293f5031XJ93tS_EVM~
宁夏中自慧博机电设备有限公司,,,
宁夏中尊网络科技有限公司,内蒙古中尊汽车服务,呼和浩特市新城区毫沁营,5b02cb4243902ede1XJz3N-_EFI~
宁夏忠鑫通物流有限公司,,,
宁夏仲检检测有限公司,宁夏仲检检测有限公司,银川,bf6bbbb19fe5372f0nV43tq8FA~~
宁夏众安消防安全工程有限公司,宁夏众安消防安全工程,银川市金凤区开发区,abd643ccb06823fa1XB63tq0GFs~
宁夏众创基业电气有限公司,宁夏众创基业电气,银川市兴庆区绿地21城,ff1b6def152e18981HVy39W8E1E~
宁夏众发制冷科技有限公司,众发汽车,昆明市盘龙区世博园,57853de6c09557483nV_09-7FQ~~
宁夏众合天诚科工贸有限公司,,,
宁夏众合远大电力设计有限公司,众合远大电力设计公司,银川市金凤区宝湖市场,e7d5007af7bbf6160Xx92tW5GA~~
宁夏众和绿源农业有限公司,,,
宁夏众力管廊科技有限公司,,,
宁夏众森生态环境（集团）有限公司,众森教育,孝感市孝南区槐荫大道,96d049612122f58f1nVy2961E1M~
宁夏众鑫宸实业有限公司,,,
宁夏众鑫鸿建设工程有限公司,,,
宁夏众盈机械制造有限公司,浙江众盈,湖州市长兴县雉城,f974087afa5cf7b61nF_3tm7F1Q~
宁夏众宇科技有限公司,,,
宁夏众源建材有限公司,众源自动化,芜湖,5132ccad5ebebbe51nZy2tS4Flc~
宁夏众远电缆有限公司,江苏众远控股集团,南京市建邺区江东,c61d3cf4077bdc751nB709W0E1M~
宁夏众志高远信息科技有限公司,,,
宁夏众志好活网络科技有限公司,,,
宁夏重立机械制造有限公司,重立,银川市永宁县望远,07f4417fb4e252a833J92d69Fw~~
宁夏周景世荣进出口有限公司,,,
宁夏洲洋制药有限公司,多维药业,银川市永宁县望远,a564215b59f7950233J_2t68
宁夏祝融数字孪生科技有限公司,宁夏祝融,银川市金凤区阅海,4becc73670e134401n1y39y4ElM~
宁夏筑云科技有限公司,宁夏筑云科技,银川市兴庆区绿地21城,7e4bc94c40f2859503Z-3tm-FA~~
宁夏筑之信检测有限公司,,,
宁夏倬昱新材料科技有限公司,,,
宁夏卓创源彩色印务有限公司,卓创源,银川市兴庆区中国银川国际商贸城,29fdef0de81fd219031809W0EA~~
宁夏卓萃包装有限公司,,,
宁夏梓恒建筑工程有限公司,梓恒家政,湘潭市岳塘区板塘,f4959af0f7c602971nF-3Nq8FVc~
宁夏紫辉商贸有限公司,,,
宁夏自然之星农业科技有限公司,宁夏自然之星,银川,403ff38cc21b064d0Hd729y5GA~~
宁夏纵横宝盈信息技术股份有限公司,,,
宁夏纵横焦点文化科技有限公司,,,
配网（宁夏）电气有限公司,国能京源,北京市东城区雍和宫,bdd99364c599b2f41XBz3du-EQ~~
启迪水联网（银川）科技有限公司,启迪水联网,银川市西夏区西花园,5e354f80969de1141XF52N61ElQ~
启明云智（宁夏）信息科技有限公司,,,
启天通信管业（宁夏）有限公司,,,
乾藏灸医药科技（宁夏）有限公司,宁夏乾藏灸医药科技,银川市金凤区新城,29ce52b6f7363aeb1HBz3Ni9E1U~
融拓（宁夏）环保科技有限公司,徐州融拓新能源技术,绵阳,14bd0734c83cf0441HF_09S8GFY~
瑞可仕（宁夏）科技有限公司,瑞可仕(北京),西宁市城西区海湖新区,ca9026f7473329121X1_39W_FFM~
赛迈科先进材料（宁夏）有限公司,赛迈科,湖州市长兴县长兴南站,255e08ce32dad4be03V729W0GVA~
赛瑞工信科技（宁夏）有限公司,,,
三凯国际科技（宁夏）有限公司,上海三凯,上海市静安区火车站,10006b17943cef081HR_2Ny5EQ~~
三智未来（宁夏）科技有限公司,,,
森硕（宁夏）科技有限公司,森硕科技,武汉市江岸区香港路,c2b461f431d7f57a1ndy3921FlM~
森阳（宁夏）建设有限公司,森阳,北京市朝阳区望京,d565f12c536c03b603B52Ny_GA~~
善水博通（宁夏）环境科技有限公司,善水博通,银川,8ce1857d66009b941nB-3d69E1Y~
上海华源药业（宁夏）沙赛制药有限公司,太和寰睿通信技术,阜阳市太和县长征北路,883421ede49420301H190tm0EFA~
上海胜华（集团）宁夏电缆有限公司,辽宁胜华电缆,沈阳市沈北新区新城子,3b569e78a5c38cd11nF43N67EVc~
盛世百纳（宁夏）会务服务有限公司,商洛市盛世百纳广...,商洛市商州区商州区中心城区,307270856b20250f1HV53tm4GFY~
世达新科（宁夏）供应链管理有限公司,世达新科,石嘴山市大武口区步行街商城,b429b6d05ee4cb8d33Vy29W_EA~~
数云传智（宁夏）信息科技有限公司,,,
斯特朗（宁夏）环保科技有限公司,沙河口区斯特朗建...,大连市沙河口区五一广场,329f23ae1b6847701nN93t27FVo~
泰极纸业（银川）有限责任公司,银川泰极纸业,银川,d7823f774484fa541n1z2dy8F1A~
泰山（银川）石膏有限公司,泰山石膏,泰安,288da0aa52ba831b1nd70t-8F1Y~
滩羊鲜生（宁夏）牧业专业合作社,,,
汤姆森电气有限公司,汤姆森电气有限公司,银川,3247626b64312ccf03J_3d6-FQ~~
特变交联（宁夏）线缆有限公司,,,
特斯联（宁夏）科技有限公司,特斯联,北京市朝阳区左家庄,239d2af3d50590053nV72tq1EA~~
天地宁夏支护装备有限公司,,,
天津大桥银川焊丝有限公司,,,
天链(宁夏)数据科技有限公司,天链航天,北京市海淀区西北旺,ca14bfa4641c14cf1XF42ty1EA~~
天链（宁夏）数据科技有限公司,天链航天,北京市海淀区西北旺,ca14bfa4641c14cf1XF42ty1EA~~
天庆集团有限公司,天庆集团,保定市容城县雄安新区,11f6138c375ba5b91XB90tm0FVE~
天瑞豪源（宁夏）科技服务有限公司,天瑞豪源,银川市金凤区万达中心,d726be060fa0e8721nF-3960FVY~
天通银厦新材料有限公司,,,
图新设计咨询有限公司,江苏图新建设工程,北京市西城区车公庄,7ac7a337b2ba108e1HR_0t60GFA~
沃丰智慧科技（宁夏）有限公司,,,
卧龙电气银川变压器有限公司,大旗职校,南阳,a27259effe55699c1XR70t20GVI~
吾特特（宁夏）文化传播发展有限公司,,,
西北轴承有限公司,盒马鲜生,北京市海淀区上地,b3eeae786aedaa270XFz09m0
西部安全认证中心有限责任公司,,,
西部第三方检测集团（宁夏）有限公司,,,
西部电子商务股份有限公司,,,
西部新能（宁夏）电力工程设计有限公司,西部新能,银川市金凤区新城,0f3642f98c40fac61XB42d64GFY~
夏茸（宁夏）生物科技有限公司,,,
鲜控科技(宁夏)有限公司,,,
鲜控科技（宁夏）有限公司,鲜控科技,银川,d3b0b9f65ae9388f1Xd43dq8F1c~
心梦想（宁夏）科创管理有限公司,,,
心芯(宁夏)科技有限公司,,,
心芯（宁夏）科技有限公司,广州市心芯科技,佛山市南海区平洲,d1a3e80bbf3ce3b103V82tW5EFU~
欣科（宁夏）信息科技有限公司,欣科检测校准,牡丹江,338cc947d6adbd9e1XZ439u-FlU~
新上仕（宁夏）科技有限公司,,,
信恒工业自动化（银川）有限公司,,,
兴乐集团宁夏电缆有限公司,兴乐集团宁夏电缆,银川市永宁县望远,598919685c0ff2df1HB73ti0Elc~
徐州中煤（宁夏）钢结构建设有限公司,,,
迅驰工业（银川）有限公司,迅驰科技,银川市兴庆区玉皇阁北街,8827bccc1e422b691XZ509m-EQ~~
一工机器人银川有限公司,一工机器人银川,银川,a87afb2112a270551H170t29FFA~
壹禾文化控股集团（宁夏）有限公司,壹禾文化,银川市金凤区大阅城,999ffba44aa8f6f61XV_39y0E1s~
银川阿凡达机器人科技有限公司,银川阿凡达,银川市西夏区西花园,b6b272011ff9a0571nZz3925Els~
银川艾齿口腔医院有限公司,艾齿口腔医院,银川,82cfd9b7fef401621nZ_3ty9GFM~
银川艾尼工业科技开发股份有限公司,艾尼工业,银川,5abd454cff7129f11XR83NS4ElE~
银川艾森达新材料发展有限公司,,,
银川爱必达园艺有限公司,银川爱必达公司,银川市兴庆区中国银川国际商贸城,b43eda73fc9de31103R_3dy-FVo~
银川爱如生信息科技有限公司,爱如生,北京市朝阳区国贸,a701ae502d9086721nRy0ty8F1A~
银川奥特信息技术股份公司,奥特股份,银川市金凤区宝湖市场,30514ed636eb9e601HJ-2tq7EVY~
银川保绿特生物技术有限公司,,,
银川贝昂得医学检验实验室有限公司,,,
银川贝尔利科技有限公司,,,
银川边塞人家食品有限公司,边塞人家,银川,5d0ad8fdfd49af111nB_2d60EFQ~
银川博康医院（有限公司）,银川博康医院,银川,adb23379c20e0f131nRz3Ni5F1Q~
银川诚净和机械设备科技有限公司,诚净和机械,银川,4c0e9b1333034bd31nV62dq5FlU~
银川大前进网络技术咨询有限公司,大前进网络,银川市金凤区万达中心,3f96abf0ea72ebde1nV629q7GQ~~
银川大重化工设备有限公司,鞍山大重机电,鞍山市铁西区人民路沿线,13d6945de5e909580X1839S4Fw~~
银川戴尔瑞养殖种植专业合作社,,,
银川导医通互联网医院有限公司,导医通,海口,320a1c7a624732e103R72967
银川德钢机械制造有限公司,,,
银川德锐斯工贸有限公司,德锐斯,武汉,09bba2e2594a957a1XF729W1FlQ~
银川电气配套设备制造有限公司,银川电气,银川市贺兰县德胜,46c6cd1cbfdde1541HB63N-9Flo~
银川丁香互联网医院有限公司,盒马鲜生,上海市浦东新区陆家嘴,b3eeae786aedaa270XFz09m0
银川东方气力运输设备有限公司,,,
银川方达电子系统工程有限公司,银川方达电子,银川市金凤区宝湖市场,2127e32cf95092991nVz3Ni8FVE~
银川凤仪堂生物工程有限公司,凤仪生物,银川,68868abb1148ffe20HV62N-1GQ~~
银川国基巩固工程有限公司,,,
银川昊宇通汽车检测有限公司,昊宇通医药科技,南京市玄武区卫岗,842ba1cddf54bd5e1XZ42N-9GVM~
银川浩科科技咨询有限公司,北京浩科文化有限公司,北京市大兴区黄村,4cabc01734829f011HJ_3t67FFo~
银川合宜科技有限公司,银川合宜科技有限公司,银川,21d87a48c28762871X1z3dq4E1E~
银川恒瑞通彩色印刷有限公司,,,
银川恒源兴银砼业有限公司,,,
银川衡正信诚检测有限公司,衡正信诚,银川,825348d2a563f5501nZ_3d-7ElA~
银川弘瑞达工贸有限公司,银川弘瑞达,银川市永宁县望远,45acf4f44457006933F92t-_FA~~
银川弘跃科技有限公司,弘跃集团,上海市浦东新区祝桥,3aaa1c4f1c323aca1HJ42NW9FlM~
银川红日电线电缆有限公司,上海红日康养企业管理,上海市杨浦区控江地区,ee9e65c84643727f1HBz29-1FlU~
银川鸿胜盈隆新型保温材料有限公司,,,
银川鸿盛果蔬种植专业合作社,,,
银川华安医院有限公司,银川华安医院,银川市金凤区新城,bdc300614e2618ad1Hd_0t24F1o~
银川华信智信息技术有限公司,华新智,宝鸡市渭滨区姜谭路,3bb43b3bcd92f8d31X1-2tm6GVc~
银川汇成科技有限公司,合肥新汇成微电子,扬州,4bca4fefab5d92981XJ62dW7GFY~
银川汇庆电力工贸有限公司,汇庆商贸有限公司,杭州市拱墅区上塘,a59737f0ecf31f821Hd42Ni-EVE~
银川嘉翔科技发展有限公司,,,
银川健康医疗数字服务有限公司,健康医疗数字服务...,银川市金凤区阅海,eb2668fc925e9be11n1_3dS5FVA~
银川金沃精工科技有限公司,金沃酒店,淮安市清江浦区开发区,f7317190f697bfb91nd72dm8ElU~
银川精齿机械有限公司,利川市精齿口腔诊所,恩施土家族苗族自治州,c1a923eba433a73403d62NW5ElM~
银川军浩兰砼业有限责任公司,,,
银川凯创机械制造有限公司,凯创,银川,194f757d091363851X1_0t2_GFE~
银川康地反刍动物营养科技有限公司,,,
银川科海生物技术有限公司,海底捞餐饮,北京市大兴区亦庄,7b3ef9d7d35c486e1XZ93d67Fw~~
银川鲲鹏出海信息科技有限公司,厦门鲲鹏出海贸易,厦门市思明区莲前,41430ef91d771ad41H183t-9GFU~
银川兰达化工科技有限公司,兰达科技有限公司,汕头市澄海区莲下镇,a35bafe0c873847a1Xd63dm5FFs~
银川蓝电电力高压技术有限公司,银川蓝电,银川市永宁县望远,9a7238351e9b4ba31Hx_2t2-FFc~
银川蓝杰机床附件有限公司,银川蓝杰机床附件,银川,ef0dcc399fd237501HN43tu8GFI~
银川老绵羊食品有限公司,老绵羊,天水市秦州区华联商厦,83d23cdd30a7e7821nZ429-6Els~
银川雷利祥电气有限公司,雷利祥,银川市金凤区新城,1c3636156c0b94ce33V92Ni1FQ~~
银川连华科技发展有限公司,连华,银川,b8177694d199b03d1Xdy2N65EFU~
银川林茂玻璃有限公司,林茂市政,苏州市吴江区松陵,e130bcc4152d5a991nJ429S4F1Y~
银川隆基光伏科技有限公司,隆基建设工程,安顺市西秀区多彩万象城,783700ce974d6b281nd53Nu4GVo~
银川隆基硅材料有限公司,银川隆基,银川市西夏区同心路,3843221231ba88841Xx_3du9
银川绿之川园艺专业合作社,绿之川园林绿化,长治市潞州区一中,c8ed6f65aa3cfa8f0XB93d27GA~~
银川美食美客食品有限公司,美食美客,银川,bac33fab6bdbc4cd1XB70t-5EFc~
银川美中嘉和互联网医院有限公司,美中嘉和集团,北京市朝阳区工体,43037285ad9ab06a1nB-0t-_GFc~
银川珉玉电子科技有限公司,珉玉,银川市金凤区宝湖市场,c045ece4ba0ede2c1nVz09u5Flo~
银川明能电气有限公司,银川明能电气有限公司,银川,14d66dc015e1c47b1Hd429W1GVQ~
银川蒲尚葡萄酒有限公司,,,
银川普软信息技术有限公司,,,
银川七彩涂饰有限公司,银川七彩涂饰有限公司,银川市永宁县望远,52c9d13077e8dd9f1Hx42N-9FFU~
银川乾景电子科技有限公司,乾景勘测,武汉市武昌区水果湖,dfbe29e54c783b4e1nd829u6Elc~
银川俏王婆食品有限公司,银川王婆,银川市金凤区大阅城,415eb563989731c01XF729S1FA~~
银川清华紫光科技有限公司,清华紫光,银川市金凤区万达中心,5bd672a122b98fa21nZ609q8E1E~
银川庆丰丰达科技有限公司,,,
银川仁达无害化处理有限公司,,,
银川融神威自动化仪表厂（有限公司）,融神威,银川市贺兰县德胜,d9f85edadc744e501nN839i4F1s~
银川瑞安祥消防安全技术工程有限公司,银川瑞安祥消防安...,银川,771333b74878296e1XB-0968GFI~
银川瑞海陈技术咨询服务有限公司,银川瑞海陈,银川市金凤区大阅城,66b14e76423d25b71XJy2t68F1E~
银川瑞通方胜信息技术有限公司,,,
银川润泽源节水科技有限公司,,,
银川三利酱醋有限责任公司,,,
银川森淼工程有限公司,银川森淼工程有限公司,银川市永宁县望远,55d6ee48c743bcfd33Z92dm6EQ~~
银川上医堂中医医院有限公司,深圳市沃德同佳健...,深圳市南山区科技园,4d928c639c8c79b41HF_3dy0EFM~
银川市艾尼散热器有限公司,,,
银川市成通建设工程有限公司,淘吾家,济南市天桥区小清河,647313700a5e25b91nV53Nm9EFs~
银川市城市规划设计研究院有限公司,银川市院,银川市兴庆区湖滨街,38273743bf8888bd33Z90925Eg~~
银川市川雨节水灌溉有限公司,川雨节水,银川市永宁县望远,a2394b10085c38711nV62di4FA~~
银川市房地产测绘中心（有限公司）,,,
银川市富邦印刷包装有限公司,富邦,银川,04e548b45c546f041HF80tq6EVU~
银川市富泰华家具有限公司,富泰华家具,银川市兴庆区胜利街,cd4bc0f68ffb48fd0HB_2tW5Eg~~
银川市供水水质监测研究所有限公司,,,
银川市贺兰山莲花山建材有限公司,,,
银川市恒益达机械有限公司,,,
银川市华银电线电缆有限公司,益丰大药房,南京市栖霞区仙林大学城,fd6655f3da717eed1Xdy3dy6GFc~
银川市乐味食品有限公司,,,
银川市立恒电气设备有限公司,立恒集团,银川,22a4f21bfbefe70f1nNy09u7EFs~
银川市联合商检科技有限公司,,,
银川市容尔科技有限公司,杭州容尔装饰有限公司,湖州,38592ff7016f5e861nN52tq5Flo~
银川市长城液压有限责任公司,,,
银川市正禹水利水电工程质量检测有限公司,蚌埠正禹金属材料销售,蚌埠市蚌山区蚌埠高新区,62d60a036f3a956b1HR40920GVI~
银川市致远出租汽车服务有限公司,,,
银川市智卓信科技有限公司,,,
银川市综合检验检测有限公司,烤匠,北京市朝阳区双井,de35f4e373e5c3d00XF809i-EA~~
银川蔬果鲜蔬菜专业合作社,蔬果鲜,银川市永宁县望远,ab96991eaa0643f91nVy29S9FlM~
银川思思食品有限公司,珠海市思思烘焙食品,珠海市香洲区前山,54b79c9d88e2c1da1H1-29u6EVI~
银川四海丰盈保温材料有限公司,,,
银川松林数控科技有限公司,银川松林,银川市金凤区新城,d4b5684e52dfbbd21HF70t20E1A~
银川特种轴承有限公司,,,
银川天恩电气集团有限公司,天恩电气,银川市永宁县望远,0961318e7f22ac011HJ709--GA~~
银川天脉网络科技有限公司,天脉网络,银川市兴庆区新华,7faa7488f61fe8431nB50926EQ~~
银川天一海腾工贸有限公司,,,
银川天源盛衡器有限公司,,,
银川天卓生物科技有限公司,天卓,济南市历城区还乡店,0a6272a956f5a9e00XZz3Nm6FQ~~
银川田永成医学美容有限责任公司,田永成医学美容,北京市朝阳区大望路,ceddb8359c3be93e0HB83Nu7Ew~~
银川铁狮环保设备有限公司,银川铁狮环保设备,吴忠,704d8ff9daa67ca71Xx729--F1M~
银川通昌绿洁日化有限公司,,,
银川通达工程技术有限公司,北京宇创成泰科技,北京市昌平区城南,75e4121d86f0e1891H1y3du9ElM~
银川图泰克科技有限公司,图泰克,银川市金凤区宝湖市场,a7e1adeadf3a0fc91nF73dm8EFQ~
银川图泰克模具技术有限公司,图泰克,银川市金凤区宝湖市场,a7e1adeadf3a0fc91nF73dm8EFQ~
银川网星电子科技有限公司,佛山市网星网络科技,佛山,9645a4ef02c6fade1H152dm-F1M~
银川威力传动技术股份有限公司,,,
银川威马电机有限责任公司,威马电机,银川市西夏区同心路,4085cf993d98a1861nB92Ni8FVo~
银川维视阅互联网医院有限公司,维视阅互联网医院,银川市西夏区西花园,a147cb8dfee1c4910Hd_2d-1Fw~~
银川文达新机械制造有限公司,,,
银川沃尔森节水灌溉有限公司,银川沃尔森节水灌溉,银川,4825e5c2d5adeabb1HF62d-5F1Y~
银川西部大森数控技术有限公司,西部大森数控技术公司,银川市西夏区北京西路,ce0060f6ac375e3a1HJ52tS_FlY~
银川喜乐互联网医院有限公司,喜乐互联网医院,银川市金凤区阅海,35cc39022e346cf70Hx-2di5EA~~
银川翔峰制冷技术有限公司,银川翔峰制冷技术,银川市金凤区新城,ab6c388d04b7507c1XJ-3t25F1c~
银川翔通公交传媒有限公司,翔通传媒,银川市兴庆区前进街,af7e1ec4768658071XZz3dq5FQ~~
银川欣安瑞电气有限公司,欣安瑞,银川市贺兰县颐和苑,4f6a14f777ebe2481Hd_2N-_GVY~
银川信远轴承制造有限公司,信远轴承,银川,c0d933e08b00b3731HRy29S-FFI~
银川一方玻璃棉有限公司,杭州一方净水科技...,临沂,3dc8ed68d57d78c11nJ53tm6EVc~
银川伊百盛生物工程有限公司,,,
银川伊光食品厂,LI NAI ER,呼和浩特市赛罕区大学东路,94a2009e76992bd20nZ509S8FQ~~
银川伊品香油脂有限公司,,,
银川怡祥电力设备制造维修有限公司,银川怡祥机械,银川市西夏区西花园,ca4620966c5560b11XRy2tq9EVI~
银川怡祥矿山机械制造有限公司,银川怡祥矿山机械公司,银川市西夏区西花园,c5bc438e1e62a0b31XR42dy0GFA~
银川银丰食品有限公司,银丰食品,银川市贺兰县德胜,0fdc7158842efd661ndz2NW6GFU~
银川银戈信息技术有限公司,银川银戈信息技术,银川市西夏区西花园,dba9eb4cb9512a4433xy3dW1EQ~~
银川英奥特自控股份有限公司,英奥特,银川市西夏区西花园,30bfb674ec9d5ff21nJ43N25EFQ~
银川优医达互联网医院有限公司,优医达互联网医院,银川市西夏区北京西路,dc827ba3c31e7c1a1HR53N65FVo~
银川猿创互联网医院有限公司,,,
银川展芯科技有限公司,展芯科技,深圳市南山区南头,e5a062cd62e02f991HR53ty1
银川正人科技工程有限公司,上海驰加汽车用品贸易,保定,5984820d7b43bd541XN83Nq_E1c~
银川知微生物科技有限公司,,,
银川致皓义齿科技有限公司,,,
银川致远交建科技有限公司,,,
银川智慧城市科技发展有限公司,,,
银川智慧冷链物流有限公司,,,
银川智慧食品安全检验检测中心（有限公司）,科大讯飞,北京市海淀区上地,b01839ea2a062a5c1n1_3dU~
银川智慧信息科技有限公司,科大讯飞,北京市海淀区上地,b01839ea2a062a5c1n1_3dU~
银川中博联合电气有限公司,,,
银川中电光谷科技产业发展有限公司,,,
银川中房物业智能科技有限公司,银川中房物业,银川,5366290721c2d2af1HRy39i9E1U~
银川中科环保电力有限公司,中科体检,宜春市袁州区明月北路,9640aeda457baf2233V909i-Fg~~
银川中科元昊科技有限公司,,,
银川中小在线资信服务有限公司,,,
银川中轴智造小镇科技发展有限公司,,,
银川卓一园林绿化工程有限公司,卓一地产,威海市环翠区九龙城,72f8a2f18f65ced61XF90ty-Fg~~
永宁县昊香源食用油有限公司,,,
永宁县惠丰现代农业种植专业合作社,惠丰农业发展,澄迈,a1b44b89a6fa54a51nd92N25EVo~
永宁县伟国农业专业合作社,,,
永宁县信杰食用菌专业合作社,,,
友连（宁夏）科技有限公司,广州市友连网络科技,广州市番禺区市桥,c2637e143b8198fa03Z63dm7GVo~
煜金达（宁夏）建材科技有限公司,安徽煜金达,阜阳市颍州区淮河路,aa85a7bb5807fec61n1y39q8FVc~
阅宁科技（宁夏）有限公司,,,
云铂（宁夏）科技有限公司,云铂电器,佛山市顺德区杏坛,acadcd68fe2031251XB_39m9EFE~
云舟（宁夏）能源科技有限责任公司,云舟科技,银川市金凤区宝湖市场,0dcc83bffc4825941XR-3tS_EVE~
泽昕科技（宁夏）有限公司,宁夏泽凌科技有限公司,银川市金凤区附属医院,2a644e5bba58753803V63dS1EVQ~
长燃智享(宁夏)新能源科技有限公司,,,
长燃智享（宁夏）新能源科技有限公司,宁夏长燃智享新能...,北京市朝阳区西坝河,f556cbb004799da31HB-2di8E1E~
长润安测科技有限公司,长润安测科技有限公司,北京市昌平区北七家,00fed61b376613ff1HZz2NS4FlE~
长润放射科技（宁夏）有限公司,长润安测科技有限公司,北京市昌平区北七家,00fed61b376613ff1HZz2NS4FlE~
知了（宁夏）信息科技有限公司,知了信息,无锡市梁溪区崇安寺,9aea4cbccb3376a83nB82Nm6FA~~
智感科技（宁夏）有限公司,智感科技,银川市兴庆区蓝泰广场,10dd4429a16d68ad1HB929m9EVU~
智芯慧融（宁夏）数字科技有限公司,智芯慧融,银川市金凤区宝湖市场,3c9915c19881594b1HZ73tq9EVI~
智瀛信息科技（宁夏）有限公司,滨州市智瀛职业培...,滨州市滨城区万达,b558e0df055de4501H173Nu-F1A~
中晟运达（宁夏）供应链管理有限责任公司,,,
中电建宁夏工程有限公司,公众,北京市海淀区中关村,660685e1c83fb0bc33F63t-5Eg~~
中电科翌智航（宁夏）科技有限公司,中电科翌智航,银川市金凤区阅海,44e96b7681aea30f1nd42t29FlQ~
中电算力科技应用（宁夏）有限公司,中电算力,银川市金凤区宝湖市场,24d4b57449b269ca1Xdz39u0FVs~
中发建业（宁夏）环境科技有限公司,,,
中航（宁夏）生物股份有限公司,中航生物,杭州市西湖区西溪,167eb4b402f4505e1XBy3dy6FVI~
中环科工（宁夏）生态环境设计院有限公司,中环科工,银川市兴庆区富宁街,58632f2ccd92f17a1HR_39S5FFo~
中技安全科技有限公司,中技安全科技有限公司,银川市金凤区阅海,9b4504e821c57f921XB63ty6EVQ~
中交基础设施养护集团宁夏工程有限公司,中交基础设施养护,沧州,43800ca455449b551X1_09q0GFE~
中节能国机联合电力（宁夏）有限公司,,,
中节能宁夏新能源股份有限公司,,,
中科嘉创碳金（宁夏）新材料科技有限公司,,,
中科天际科技股份有限公司,中科天际,银川,230bf06fc01d0d9f1ndz3Nq-FVA~
中联玉德设计咨询有限公司,中联玉德,银川市金凤区唐徕,a14e1398e9bfd23f1XF639y9FlI~
中粮长城葡萄酒（宁夏）有限公司,,,
中亮（宁夏）实业有限公司,中亮,银川,6970a3fcb9b7e6bd1XR63925FVE~
中霖思源（宁夏）生态科技有限公司,宁夏中霖思源生态科技,银川,49622cddd131d2f01Hd529-8ElI~
中能投（宁夏）  电力工程有限公司,中能投(宁夏)电力,银川市兴庆区宝湖东路,c3f02dc03cd88c5b1XRz29m4E1c~
中启源(宁夏)生物科技有限公司,宁夏中启源生物科技,银川,8b83f4379add5d2b1XB529S5GVM~
中启源（宁夏）生物科技有限公司,宁夏中启源生物科技,银川,8b83f4379add5d2b1XB529S5GVM~
中天云创（宁夏）信息科技有限公司,中天云创广告,北京市大兴区西红门,6523aea82e7445351XJ52dm-GFc~
中铁建大桥工程局集团西北工程有限公司,靖江中铁建大桥工程局,泰州,e97de00f776fec711XB42d6_ElI~
中通创新（宁夏）信息与环保技术有限公司,宁夏中通创新信息...,银川市金凤区阅海,3da8ef30efcdfd7a1XB639y0GVA~
中新重远(宁夏）检测技术有限公司,,,
中英阿诺康（宁夏）生物科技有限公司,,,
中源智信（宁夏）  电力技术有限公司,渭南中源智信企业管理,渭南,ae5c7969fd7494b003Rz2d-1EFs~
中云天创（宁夏）科技有限公司,中云天创,北京市朝阳区朝外,a2b907d786d5e0741HR72dW_ElI~
中再云汇(宁夏)环保科技有限公司,中再云汇,北京市西城区金融街,1ecd4a340ffe16b81Xd62N-4FVA~
中再云汇（宁夏）环保科技有限公司,中再云汇,北京市西城区金融街,1ecd4a340ffe16b81Xd62N-4FVA~
仲检（宁夏）技术服务有限公司,仲检集团,银川,eb425a6fcabb2f321XV-3Nq1EVI~
仲检检测（集团）有限公司,仲检集团,银川,eb425a6fcabb2f321XV-3Nq1EVI~
重立智能科技（宁夏）有限公司,重立,太原市小店区坞城路,2ccd4f6bb876f86d1nd73tS5E1o~
紫夏（宁夏）生物科技有限公司,宁夏紫夏生物科技,银川市金凤区人民广场,99512b4ba37b47c01HV73929GVo~
