阿德斯（宁夏）能源科技有限公司,关键词
阿兹特克（宁夏）科技有限公司,阿兹特克
爱幕依（宁夏）影视文化有限公司,爱幕依影视
安创蓓康生物科技有限公司,安创蓓康
安骑（宁夏）科技有限公司,安骑
安瑞森（宁夏）电子材料有限公司,安瑞森电子材料
安替奔达（宁夏）生物科技有限责任公司,安替奔达
百捷智达科技有限公司,百捷智达
百瑞源枸杞股份有限公司,百瑞源枸杞股份
半亩良人生物工程研究（宁夏）有限公司,半亩良人研究
半亩良人智慧农业科技（宁夏）有限公司,半亩良人智慧
宝塔实业股份有限公司,宝塔股份
北阀智控（宁夏）科技有限公司,北阀智控
北方益农（宁夏）环保科技有限公司,北方益农
北京同仁堂健康药业（宁夏）有限公司,北京同仁堂健康药业
北控宝盈商务服务（宁夏）有限公司,北控宝盈商务
博尔特新材料（银川）有限公司,博尔特
车主驿站（宁夏）技术服务有限公司,车主驿站
辰卓科技有限公司,辰卓
成电创孵（宁夏）科技有限公司,成电创孵
成电创智（银川）信息科技有限公司,成电创智
川宁电缆有限公司,川宁电缆
大华（银川）医疗科技有限公司,大华医疗
大象（宁夏）电力技术有限公司,大象电力
德尚（宁夏）知识产权咨询有限公司,德尚知识产权咨询
鼎川（宁夏）科技电缆股份有限公司,鼎川电缆股份
东方联鸣（宁夏）科技发展有限公司,东方联鸣
东方塑力线缆有限公司,东方塑力线缆
斗牛士（宁夏）科技发展有限公司,斗牛士
恩泽斯（宁夏）环境技术有限公司,恩泽斯环境
凡雀（宁夏）文化创意有限公司,凡雀创意
非凡智慧（宁夏）科技有限公司,非凡智慧
丰利源（宁夏）智能制造有限公司,丰利源
弗润德力新材料（宁夏）股份有限公司,弗润德力股份
共享智能铸造产业创新中心有限公司,共享铸造创新中心
共享智能装备有限公司,共享装备
共享铸钢有限公司,共享铸钢
共享装备股份有限公司,共享装备股份
冠检检测科技（宁夏）有限公司,冠检检测
广煜医药科技（宁夏）有限公司,广煜
国能宁夏灵武发电有限公司,国能发电
国网宁夏综合能源服务有限公司,国网综合能源
国智（宁夏）知识产权服务有限公司,国智知识产权
果壳（宁夏）网络科技有限公司,果壳
海江建设集团有限公司,海江建设
汉风（银川）风电工程技术服务有限公司,汉风风电
和乐邦（宁夏）家居有限公司,和乐邦家居
贺兰神（宁夏）  国际葡萄酒庄有限公司,神  国际葡萄酒庄
贺兰四海综贸有限公司,四海综贸
贺兰县德林果蔬产销专业合作社,县德林果蔬产销专业合作社
贺兰县海超农机作业服务有限公司,县海超农机作业
贺兰县华农益农果蔬产销专业合作社,县华农益农果蔬产销专业合作社
贺兰县晶诚水产养殖有限公司,县晶诚水产养殖
贺兰县立岗镇永兴稻谷产销专业合作社,县立岗镇永兴稻谷产销专业合作社
贺兰县泰鑫冶炼有限公司,县泰鑫冶炼
贺兰县欣荣和食用菌有限公司,县欣荣和食用菌
贺享红（宁夏）网络科技有限公司,贺享红
恒源智同（宁夏）物联科技有限公司,恒源智同物联
鸿利项目管理有限公司,鸿利项目管理
华佰集团有限公司,华佰
华多智能技术（宁夏）有限公司,华多
华发容器（银川）有限公司,华发容器
华固建筑科技（宁夏）有限公司,华固
华赫技术有限公司,华赫
华盛龙环保科技（宁夏）有限公司,华盛龙
华泰昌（宁夏）职业培训学校有限公司,华泰昌职业培训学校
华夏碧水（宁夏）环保科技有限公司,华夏碧水
华夏源爱济（宁夏）生物科技有限公司,华夏源爱济
华新智科技产业发展股份有限公司,华新智股份
华域生物科技（宁夏）有限公司,华域
华泽宜通（宁夏）科技有限公司,华泽宜通
华筑之影（银川）建筑科技有限公司,华筑之影
寰娱互动（宁夏）文化科技有限公司,寰娱互动
徽仁(宁夏)环保科技有限公司,徽仁
徽仁（宁夏）环保科技有限公司,徽仁
嘉磊网络科技（宁夏）集团有限公司,嘉磊
交大（宁夏）检测科技有限公司,交大检测
杰信达建设发展集团有限公司,杰信达建设
金开智维（宁夏）科技有限公司,金开智维
金石机器人银川有限公司,金石机器人
景丰（宁夏）能源发展有限公司,景丰能源
九洋杂粮科技开发（宁夏）有限公司,九洋杂粮开发
巨冈精工（宁夏）有限公司,巨冈精工
锎量（宁夏）自动化科技有限公司,锎量
康膜科技有限公司,康膜
克里蒂弗新能源技术（宁夏）有限公司,克里蒂弗
朗坤（宁夏）区块链科技有限公司,朗坤区块链
联创万通(宁夏)信息技术服务有限公司,联创万通
联创万通（宁夏）信息技术服务有限公司,联创万通
灵武市大地粮油食品有限公司,市大地粮油食品
灵武市峰瑞农牧专业合作社,市峰瑞农牧专业合作社
灵武市海峰阳光彩印包装有限公司,市海峰阳光彩印包装
灵武市海江种植专业合作社,市海江种植专业合作社
灵武市浩珲工贸有限公司,市浩珲工贸
灵武市恒业有色金属冶化有限公司,市恒业有色金属冶化
灵武市嘉勇牧业有限公司,市嘉勇牧业
灵武市建鑫塑料制品有限公司,市建鑫塑料制品
灵武市金科环境技术有限公司,市金科环境
灵武市临河镇滨河长枣专业合作社,市临河镇滨河长枣专业合作社
灵武市农盛农业种植专业合作社,市农盛种植专业合作社
灵武市少军奶牛养殖专业合作社,市少军奶牛养殖专业合作社
灵武市同心农业综合开发有限公司,市同心综合开发
灵武市夏能供销合作社有限公司,市夏能供销合作社
灵武市欣兴饲草产业有限公司,市欣兴饲草
灵武市鑫海建材有限公司,市鑫海建材
灵武市鑫盛达牧业有限公司,市鑫盛达牧业
灵武市鑫旺达农牧有限公司,市鑫旺达农牧
灵武市幸福牛牧业有限公司,市幸福牛牧业
灵武市叶氏兄弟夏能农业科技有限公司,市叶氏兄弟夏能
灵武市伊山河食用油有限公司,市伊山河食用油
灵武市银春祥工贸有限公司,市银春祥工贸
灵武市御富洋农牧有限公司,市御富洋农牧
灵武市众宏草制品有限公司,市众宏草制品
凌志飞扬（宁夏）信息科技有限公司,凌志飞扬
龙光（银川）科技有限公司,龙光
洛客科技（宁夏）有限公司,洛客
绿盾（宁夏）征信信用评级评估中心有限公司,绿盾征信信用评级评估中心
绿藤环保设备（宁夏）有限公司,绿藤设备
绿源恒森安环(宁夏)科技有限公司,绿源恒森安环
绿源恒森安环（宁夏）科技有限公司,绿源恒森安环
宁夏阿加德米学园教育科技有限公司,阿加德米学园教育
宁夏阿萨粮油食品有限公司,阿萨粮油食品
宁夏阿色羔农业科技有限公司,阿色羔
宁夏埃德曼自动化设备有限公司,埃德曼设备
宁夏艾克德机械制造有限公司,艾克德机械
宁夏艾普森科技有限责任公司,艾普森
宁夏艾威鑫电子有限公司,艾威鑫电子
宁夏艾伊生物工程研发有限公司,艾伊研发
宁夏艾依斯数据统计调研有限公司,艾依斯数据统计调研
宁夏爱济莱斯生物科技有限公司,爱济莱斯
宁夏爱就定服装设计有限责任公司,爱就定服装设计
宁夏安保信息科技服务有限公司,安保
宁夏安达远网络科技有限公司,安达远
宁夏安防机电工程有限公司,安防机电
宁夏安广恒信息科技有限公司,安广恒
宁夏安合成化工有限公司,安合成化工
宁夏安和通科技工程有限公司,安和通
宁夏安检科技有限公司,安检
宁夏安捷特种设备安全附件检测有限公司,安捷特种设备安全附件检测
宁夏安立信电力技术有限公司,安立信电力
宁夏安利森生物科技有限公司,安利森
宁夏安品绿源农业科技有限公司,安品绿源
宁夏安普安全技术咨询有限公司,安普安全咨询
宁夏安谱检测有限公司,安谱检测
宁夏安正科贸有限公司,安正科贸
宁夏奥格瑞电气自动化技术有限公司,奥格瑞电气
宁夏奥能新材料科技有限公司,奥能
宁夏奥群科技有限公司,奥群
宁夏澳中健康产业有限公司,澳中健康
宁夏巴斯孚科技发展有限公司,巴斯孚
宁夏百川电力股份有限公司,百川电力股份
宁夏百川通清洁能源有限公司,百川通清洁能源
宁夏百创信息技术有限公司,百创
宁夏百航馨劳务有限公司,百航馨劳务
宁夏百润环保科技有限公司,百润
宁夏百旺中税科技有限公司,百旺中税
宁夏百益生科技信息有限公司,百益生
宁夏百优珍选生物科技有限公司,百优珍选
宁夏柏盛环保装备工程有限公司,柏盛装备
宁夏柏讯远通科贸有限公司,柏讯远通科贸
宁夏栢通信息系统有限公司,栢通系统
宁夏宝立科技设计研究院有限责任公司,宝立设计研究院
宁夏宝利兴能源利用有限公司,宝利兴能源利用
宁夏宝通仁和技术有限公司,宝通仁和
宁夏宝芝红枸杞产业有限公司,宝芝红枸杞
宁夏保利节能科技有限公司,保利节能
宁夏保隆科技有限公司,保隆
宁夏报业传媒集团文化科技创意有限公司,报业传媒创意
宁夏报业传媒集团印刷有限公司,报业传媒印刷
宁夏北瓷新材料科技有限公司,北瓷
宁夏北斗宇航科技有限公司,北斗宇航
宁夏北方高科工业有限公司,北方高科工业
宁夏北方乳业有限责任公司,北方乳业
宁夏北伏科技有限公司,北伏
宁夏北国环保节能有限公司,北国节能
宁夏北国检测服务有限公司,北国检测
宁夏北华瑞尔电气有限公司,北华瑞尔电气
宁夏北极星化工有限公司,北极星化工
宁夏北起教育科技有限公司,北起教育
宁夏北仁生物科技有限公司,北仁
宁夏北滩鲜农业发展有限公司,北滩鲜
宁夏北图科技有限公司,北图
宁夏贝壳科技有限公司,贝壳
宁夏贝瑞斯曼信息科技有限公司,贝瑞斯曼
宁夏贝易医疗器械有限公司,贝易医疗器械
宁夏犇旺生态农业有限公司,犇旺生态
宁夏毕利格建设工程有限公司,毕利格建设
宁夏彬洋科技有限公司,彬洋
宁夏铂泽科技有限公司,铂泽
宁夏博安生物科技有限公司,博安
宁夏博晟伟业建设工程有限公司,博晟伟业建设
宁夏博得石膏研究院（有限公司）,博得石膏研究院
宁夏博尔特医疗测试研究院有限公司,博尔特医疗测试研究院
宁夏博尔特医疗研究院有限公司,博尔特医疗研究院
宁夏博工氟塑装备有限公司,博工氟塑装备
宁夏博科工程咨询有限公司,博科咨询
宁夏博控自动化系统有限公司,博控系统
宁夏博瑞基业消防技术有限公司,博瑞基业消防
宁夏博瑞科技有限公司,博瑞
宁夏博瑞饲料有限公司,博瑞饲料
宁夏博思高科技有限公司,博思高
宁夏博思通智能科技有限公司,博思通
宁夏博思通自动化技术有限公司,博思通
宁夏博伟金属制品有限公司,博伟金属制品
宁夏博旭实验室设备有限公司,博旭实验室设备
宁夏博源众航水利工程咨询有限公司,博源众航水利咨询
宁夏博远橡胶有限公司,博远橡胶
宁夏才运达机电泵业有限公司,才运达机电泵业
宁夏彩虹桥物联科技有限公司,彩虹桥物联
宁夏菜鲜生生鲜配送有限公司,菜鲜生生鲜配送
宁夏草原阿妈食品有限公司,草原阿妈食品
宁夏草源华禹食品有限公司,草源华禹食品
宁夏测衡联合实业有限公司,测衡联合
宁夏昌禾同盛科技有限公司,昌禾同盛
宁夏昶蒂建设工程有限公司,昶蒂建设
宁夏畅度教育科技有限公司,畅度教育
宁夏畅兴泰照明科技有限公司,畅兴泰照明
宁夏超高压电力工程有限公司,超高压电力
宁夏超合电力物资有限公司,超合电力物资
宁夏辰朗环保设备有限公司,辰朗设备
宁夏晨禹水利水电建筑工程有限责任公司,晨禹水利水电
宁夏成建建筑科技有限公司,成建
宁夏诚达建筑工程有限公司,诚达
宁夏诚德汽车轴承制造有限公司,诚德汽车轴承
宁夏诚锋启航电力设备有限公司,诚锋启航电力设备
宁夏诚美佳工贸有限公司,诚美佳工贸
宁夏诚盛电气有限公司,诚盛电气
宁夏诚顺达电力工程有限公司,诚顺达电力
宁夏城安建设工程有限公司,城安建设
宁夏城际农业科技发展有限公司,城际
宁夏城建设计研究院（有限公司）,城建设计研究院
宁夏城农网电力服务有限公司,城农网电力
宁夏城市快线供应链科技有限公司,城市快线供应链
宁夏晟标认证服务有限公司,晟标认证
宁夏晟博建工有限公司,晟博建工
宁夏晟睿熙工贸有限公司,晟睿熙工贸
宁夏晟睿熙科技有限公司,晟睿熙
宁夏铖锋钢构有限公司,铖锋钢构
宁夏初心教育科技有限公司,初心教育
宁夏厨佬哥食品加工有限公司,厨佬哥食品加工
宁夏储芯科技有限公司,储芯
宁夏川流天下供应链管理有限公司,川流天下供应链管理
宁夏创成索福门业有限责任公司,创成索福门业
宁夏创格新材料科技有限公司,创格
宁夏创科信息技术有限公司,创科
宁夏创胜科技有限公司,创胜
宁夏创新荣工贸有限公司,创新荣工贸
宁夏创新伟业科技有限公司,创新伟业
宁夏创耀信科技有限公司,创耀信
宁夏春田牧业有限公司,春田牧业
宁夏达疆农业科技服务有限公司,达疆
宁夏大北农科技实业有限公司,大北农
宁夏大诚同方软件开发有限公司,大诚同方软件开发
宁夏大诚至信新型建筑材料有限公司,大诚至信新型材料
宁夏大地坤融科技有限公司,大地坤融
宁夏大多石油装备再制造有限公司,大多石油装备再
宁夏大丰建筑装饰工程有限公司,大丰装饰
宁夏大光节能科技有限公司,大光节能
宁夏大河九洲文化传媒有限公司,大河九洲传媒
宁夏大润牧农产品开发有限公司,大润牧农产品开发
宁夏大象电子商务有限公司,大象电子商务
宁夏大亚木业有限公司,大亚木业
宁夏大一食品有限公司,大一食品
宁夏丹辰科技有限公司,丹辰
宁夏丹富粮油食品有限公司,丹富粮油食品
宁夏德财财税管理咨询有限公司,德财财税管理咨询
宁夏德晟邦安网络科技有限公司,德晟邦安
宁夏德峰牧业有限公司,德峰牧业
宁夏德坤环保科技实业集团有限公司,德坤
宁夏德坤环境技术研发有限公司,德坤环境研发
宁夏德朗宁铝业有限公司,德朗宁铝业
宁夏德瑞斯智能科技有限公司,德瑞斯
宁夏德森建设工程有限公司,德森建设
宁夏德圣亚科技有限公司,德圣亚
宁夏德沃酒庄有限公司,德沃酒庄
宁夏德云泽环保科技有限公司,德云泽
宁夏地德科技有限公司,地德
宁夏地丰生物科技有限公司,地丰
宁夏地信科技有限公司,地信
宁夏地质工程勘察院有限公司,地质勘察院
宁夏迪安医学检验中心有限公司,迪安医学检验中心
宁夏第三建筑有限公司,第三
宁夏电力能源科技有限公司,电力能源
宁夏电通物联网科技股份有限公司,电通物联网股份
宁夏电通信息产业有限公司,电通
宁夏顶赛安全科技有限公司,顶赛安全
宁夏鼎峰致远智能科技有限公司,鼎峰致远
宁夏鼎弘供应链管理有限责任公司,鼎弘供应链管理
宁夏鼎宏包装制品有限公司,鼎宏包装制品
宁夏鼎盛宁康奶牛养殖有限公司,鼎盛宁康奶牛养殖
宁夏鼎顺金属制品有限公司,鼎顺金属制品
宁夏鼎翔通信工程有限公司,鼎翔通信
宁夏东峰钢结构工程有限公司,东峰钢结构
宁夏东海建筑装饰工程有限公司,东海装饰
宁夏东和化工科技有限公司,东和化工
宁夏东狐知识产权咨询有限公司,东狐知识产权咨询
宁夏东凯电力科技有限公司,东凯电力
宁夏东来能源运输有限公司,东来能源运输
宁夏董洋食品配送有限责任公司,董洋食品配送
宁夏动感飞扬文化传媒集团有限公司,动感飞扬传媒
宁夏嘟嘟科技有限公司,嘟嘟
宁夏盾安拓克自动化科技有限公司,盾安拓克
宁夏盾源聚芯半导体科技股份有限公司,盾源聚芯半导体股份
宁夏多力新型材料科技有限公司,多力新型材料
宁夏多林科技服务有限公司,多林
宁夏多维药业有限公司,多维药业
宁夏多闻科技股份有限公司,多闻股份
宁夏恩典应急物资制品有限公司,恩典应急物资制品
宁夏恩曼科技有限公司,恩曼
宁夏恩泽教育信息科技有限公司,恩泽教育
宁夏凡天网络科技发展有限公司,凡天
宁夏泛恩智控科技有限公司,泛恩智控
宁夏泛在科技有限责任公司,泛在
宁夏方博科技有限公司,方博
宁夏方达信息系统工程有限公司,方达系统
宁夏方盛管业有限公司,方盛管业
宁夏飞浩园管道科技有限公司,飞浩园管道
宁夏飞龙海大数据科技有限公司,飞龙海大数据
宁夏飞龙海信息技术发展有限公司,飞龙海
宁夏飞通信息科技有限公司,飞通
宁夏飞岩锦诚科技有限公司,飞岩锦诚
宁夏菲华通自动化控制有限公司,菲华通控制
宁夏菲杰特检测有限公司,菲杰特检测
宁夏菲特电子产品有限公司,菲特电子产品
宁夏丰源办公家具制造有限公司,丰源办公家具
宁夏丰植源现代农业科技开发有限公司,丰植源现代开发
宁夏峰火科技服务有限责任公司,峰火
宁夏峰瑞牧业有限公司,峰瑞牧业
宁夏烽火台数据信息技术有限责任公司,烽火台数据
宁夏锋利信息技术服务有限公司,锋利
宁夏凤城装备制造有限公司,凤城装备
宁夏凤凰天地设备技术有限责任公司,凤凰天地设备
宁夏凤仪堂生物医药有限公司,凤仪堂
宁夏弗伦凯尔机械设备有限公司,弗伦凯尔机械设备
宁夏福得多玻璃有限公司,福得多玻璃
宁夏福德电气科技有限公司,福德电气
宁夏福聚多玻璃科技有限公司,福聚多玻璃
宁夏福美环保材料有限公司,福美材料
宁夏福宁工程设计咨询有限公司,福宁设计咨询
宁夏福思泰智能装备有限公司,福思泰装备
宁夏福兴神农食品有限公司,福兴神农食品
宁夏富疆种业有限公司,富疆种业
宁夏富利莱家具制造有限公司,富利莱家具
宁夏富隆德流体科技有限公司,富隆德流体
宁夏富盛源农业发展有限公司,富盛源
宁夏富时罗广告传媒有限公司,富时罗广告传媒
宁夏富仕丰科技有限公司,富仕丰
宁夏富水化工科技有限公司,富水化工
宁夏富杨食品有限公司,富杨食品
宁夏甘定起重机设备有限公司,甘定起重机设备
宁夏高创特能源科技有限公司,高创特能源
宁夏高德电缆有限公司,高德电缆
宁夏高鸿科技有限公司,高鸿
宁夏高源银色高地葡萄酒庄有限公司,高源银色高地葡萄酒庄
宁夏工业和信息化研究院有限公司,工业和化研究院
宁夏工业设计院有限责任公司,工业设计院
宁夏公路工程质量检测中心(有限公司),公路质量检测中心
宁夏公路工程质量检测中心（有限公司）,公路质量检测中心
宁夏公路勘察设计院有限责任公司,公路勘察设计院
宁夏拱福生态科技有限公司,拱福生态
宁夏共享化工有限公司,共享化工
宁夏共享机床辅机有限公司,共享机床辅机
宁夏共享精密加工有限公司,共享精密加工
宁夏共享能源有限公司,共享能源
宁夏共赢通工业新材料有限公司,共赢通工业
宁夏谷芝科技有限公司,谷芝
宁夏固德金属结构工程有限公司,固德金属结构
宁夏观天融创信息技术有限公司,观天融创
宁夏光驰科技有限公司,光驰
宁夏光达合汇科技有限公司,光达合汇
宁夏光瑞网络科技有限公司,光瑞
宁夏广庆食品有限公司,广庆食品
宁夏广天夏科技股份有限公司,广天夏股份
宁夏广银米业有限公司,广银米业
宁夏广筑予景建筑咨询有限公司,广筑予景咨询
宁夏贵军农牧有限公司,贵军农牧
宁夏国斌亚琦纺织有限公司,国斌亚琦纺织
宁夏国富汇信息科技发展有限公司,国富汇
宁夏国富建设工程有限公司,国富建设
宁夏国基建设工程有限公司,国基建设
宁夏国通数智科技有限公司,国通数智
宁夏国投金融科技服务有限公司,国投金融
宁夏国新环境工程有限公司,国新环境
宁夏国信检研科技有限公司,国信检研
宁夏国源科技有限公司,国源
宁夏海归科技孵化器有限公司,海归孵化器
宁夏海量智能科技有限公司,海量
宁夏海美祥建设工程有限公司,海美祥建设
宁夏海森建材有限公司,海森建材
宁夏海通电子科技有限公司,海通电子
宁夏海沃空间企业管理有限公司,海沃空间企业管理
宁夏海洋线缆有限公司,海洋线缆
宁夏海永生态农牧科技有限公司,海永生态农牧
宁夏海之源生物科技有限公司,海之源
宁夏涵韬科技有限公司,涵韬
宁夏汉威科交通科技有限公司,汉威科交通
宁夏汉尧富锂科技有限责任公司,汉尧富锂
宁夏翰和建设工程有限公司,翰和建设
宁夏瀚翔伟业建筑工程有限公司,瀚翔伟业
宁夏夯中岩土工程有限公司,夯中岩土
宁夏航帆实业有限公司,航帆
宁夏航海科技有限公司,航海
宁夏航锦科技发展有限公司,航锦
宁夏航空食品有限公司,航空食品
宁夏航天数景信息技术有限公司,航天数景
宁夏航天信息有限公司,航天
宁夏好光景光电科技有限公司,好光景光电
宁夏好家乡生态农业科技发展有限公司,好家乡生态
宁夏昊标检测服务研究院(有限公司),昊标检测研究院
宁夏昊标检测服务研究院（有限公司）,昊标检测研究院
宁夏昊昌机械再制造有限公司,昊昌机械再
宁夏昊海天诚信息技术有限公司,昊海天诚
宁夏昊盛达农牧有限公司,昊盛达农牧
宁夏昊王米业集团有限公司,昊王米业
宁夏昊新牧业有限公司,昊新牧业
宁夏昊旭畜牧养殖有限责任公司,昊旭畜牧养殖
宁夏昊玉种业股份有限公司,昊玉种业股份
宁夏昊玉种业有限公司,昊玉种业
宁夏昊裕油脂有限公司,昊裕油脂
宁夏昊允天生物科技有限公司,昊允天
宁夏浩民网络科技有限公司,浩民
宁夏浩荣飞科技有限公司,浩荣飞
宁夏浩润佰鼎招标代理有限公司,浩润佰鼎招标代理
宁夏浩宜新建设工程有限公司,浩宜新建设
宁夏晧顺建设有限公司,晧顺建设
宁夏合成生物科技有限公司,合成
宁夏合汇新材料科技有限公司,合汇
宁夏合牧农业科技有限公司,合牧
宁夏合强伟业信息产业公司,合强伟业
宁夏合义诚电器有限公司,合义诚电器
宁夏合智激光科技有限公司,合智激光
宁夏合众赢工贸有限公司,合众赢工贸
宁夏和光同瑞数字科技有限公司,和光同瑞数字
宁夏和君纵达数据科技有限公司,和君纵达数据
宁夏和仁堂口腔门诊有限公司,和仁堂口腔门诊
宁夏和瑞包装有限公司,和瑞包装
宁夏和谐联工贸有限公司,和谐联工贸
宁夏和信通机电设备有限公司,和信通机电设备
宁夏河海工程咨询管理有限公司,河海咨询管理
宁夏贺丰种业有限公司,贺丰种业
宁夏贺兰山东麓葡萄酒产业技术创新中心（有限公司）,山东麓葡萄酒创新中心
宁夏贺兰山东麓葡萄酒产业技术创新中心有限公司,山东麓葡萄酒创新中心
宁夏贺兰山国家森林公园有限公司,山国家森林公园
宁夏鹤泉葡萄酒有限公司,鹤泉葡萄酒
宁夏恒康科技有限公司,恒康
宁夏恒力祥自控工程科技服务有限公司,恒力祥自控
宁夏恒盛大通工贸有限公司,恒盛大通工贸
宁夏恒泰化工设备有限公司,恒泰化工设备
宁夏恒泰生物科技有限公司,恒泰
宁夏恒为电力工程设计有限公司,恒为电力设计
宁夏恒兴世纪科技服务有限公司,恒兴世纪
宁夏恒耀建设工程有限公司,恒耀建设
宁夏恒亿泰机房设备有限公司,恒亿泰机房设备
宁夏衡通计量检测有限公司,衡通计量检测
宁夏弘地设计院有限公司,弘地设计院
宁夏弘茂特种设备检验检测有限公司,弘茂特种设备检验检测
宁夏弘泽农业开发有限公司,弘泽开发
宁夏红禾种子有限公司,红禾种子
宁夏红松鼠网络科技有限公司,红松鼠
宁夏红泰通达玻璃有限公司,红泰通达玻璃
宁夏红阳合粮油有限公司,红阳合粮油
宁夏宏德环境科技股份有限公司,宏德环境股份
宁夏宏德环境科技有限公司,宏德环境
宁夏宏茂农林科技有限公司,宏茂农林
宁夏宏瑞建设工程有限公司,宏瑞建设
宁夏宏信亿诚实业有限公司,宏信亿诚
宁夏宏亚至诚知识产权服务有限公司,宏亚至诚知识产权
宁夏宏宇智创科技有限公司,宏宇智创
宁夏宏禹工程检测有限公司,宏禹检测
宁夏宏禹检测技术有限公司,宏禹检测
宁夏宏源建科检测有限公司,宏源建科检测
宁夏宏源长城机床有限公司,宏源长城机床
宁夏泓盈视联科技有限公司,泓盈视联
宁夏洪栋农业机械有限公司,洪栋机械
宁夏浤森环保科技有限公司,浤森
宁夏鸿沣危险货物运输有限公司,鸿沣危险货物运输
宁夏鸿科网络科技有限公司,鸿科
宁夏鸿荣乡情农牧产销专业合作社,鸿荣乡情农牧产销专业合作社
宁夏鸿睿鑫电子科技有限责任公司,鸿睿鑫电子
宁夏鸿旭环境技术有限公司,鸿旭环境
宁夏鸿雅创新科技有限公司,鸿雅创新
宁夏鸿缘祥食品科技有限公司,鸿缘祥食品
宁夏鸿泽新科技有限公司,鸿泽新
宁夏厚德环保科技有限公司,厚德
宁夏厚生记枸杞饮品股份有限公司,厚生记枸杞饮品股份
宁夏厚生记食品有限公司,厚生记食品
宁夏厚壹农业科技发展有限公司,厚壹
宁夏厚源自控科技有限公司,厚源自控
宁夏华澳牧业有限公司,华澳牧业
宁夏华晟节能环保科技有限公司,华晟节能
宁夏华鼎环保科技有限公司,华鼎
宁夏华冠工程有限公司,华冠
宁夏华昊生物科技有限公司,华昊
宁夏华辉环保科技股份有限公司,华辉股份
宁夏华锦售电有限公司,华锦售电
宁夏华琳源农牧有限公司,华琳源农牧
宁夏华淼建设工程有限公司,华淼建设
宁夏华能达环保科技开发有限公司,华能达开发
宁夏华嵌信息科技有限公司,华嵌
宁夏华瑞农农业开发有限公司,华瑞农开发
宁夏华瑞星建筑景观工程有限公司,华瑞星景观
宁夏华盛牧歌饲料有限公司,华盛牧歌饲料
宁夏华盛星美文化传媒有限公司,华盛星美传媒
宁夏华泰家俱制造有限公司,华泰家俱
宁夏华图测绘有限公司,华图测绘
宁夏华望生物科技有限公司,华望
宁夏华西振兴水利建筑实业有限公司,华西振兴水利
宁夏华鑫融通科技有限公司,华鑫融通
宁夏华信达健康科技有限公司,华信达健康
宁夏华严趣链科技有限公司,华严趣链
宁夏华洋砼业有限公司,华洋砼业
宁夏华业精细化学科技有限公司,华业精细化学
宁夏华溢新材料科技有限公司,华溢
宁夏华缨信息技术有限公司,华缨
宁夏华裕环保科技有限公司,华裕
宁夏华源万盛电力设计有限公司,华源万盛电力设计
宁夏华远数绘科技有限责任公司,华远数绘
宁夏环保集团城市服务有限公司,城市
宁夏环保集团有限责任公司,
宁夏环境科学研究院（有限责任公司）,环境科学研究院
宁夏环筑建设有限公司,环筑建设
宁夏幻影云科技有限公司,幻影云
宁夏唤希文化科技有限公司,唤希
宁夏黄河玫瑰园林工程科技有限公司,黄河玫瑰园林
宁夏灰熊智能制造有限公司,灰熊
宁夏辉熠建设工程有限公司,辉熠建设
宁夏辉宇鑫建材有限公司,辉宇鑫建材
宁夏回族自治区电力设计院有限公司,回族自治区电力设计院
宁夏回族自治区石油化工环境科学研究院股份有限公司,回族自治区石油化工环境科学研究院股份
宁夏回族自治区水产研究所（有限公司）,回族自治区水产研究所
宁夏回族自治区通信产业服务有限公司,回族自治区通信
宁夏汇邦泽软件科技有限公司,汇邦泽软件
宁夏汇晟环保科技有限公司,汇晟
宁夏汇川服装有限公司,汇川服装
宁夏汇达线缆有限公司,汇达线缆
宁夏汇力达工业智能控制技术有限公司,汇力达工业控制
宁夏汇力能源科技有限公司,汇力能源
宁夏汇能朋博能源有限公司,汇能朋博能源
宁夏汇融升智能科技有限公司,汇融升
宁夏汇信德科技咨询服务有限公司,汇信德咨询
宁夏汇岩达环保节能咨询有限公司,汇岩达节能咨询
宁夏汇智云端科技有限公司,汇智云端
宁夏惠泽招科技发展有限公司,惠泽招
宁夏慧图科技有限公司,慧图
宁夏慧玩网络科技有限公司,慧玩
宁夏慧雅居智能科技有限公司,慧雅居
宁夏慧英电力有限公司,慧英电力
宁夏慧源建设工程研究院(有限公司),慧源建设研究院
宁夏慧源建设工程研究院（有限公司）,慧源建设研究院
宁夏慧源项目管理有限公司,慧源项目管理
宁夏机械研究院股份有限公司,机械研究院股份
宁夏机要印刷有限公司,机要印刷
宁夏吉虎科技有限公司,吉虎
宁夏极客空间建筑科技有限公司,极客空间
宁夏集佳环保科技有限公司,集佳
宁夏几字湾数字科技有限公司,几字湾数字
宁夏计算机软件与技术服务有限公司,计算机软件与
宁夏济川中科环保科技有限公司,济川中科
宁夏加速科技有限公司,加速
宁夏佳华铝业有限公司,佳华铝业
宁夏佳瓴科技发展有限公司,佳瓴
宁夏佳仕德水处理科技有限公司,佳仕德水处理
宁夏佳智星科技有限公司,佳智星
宁夏迦南美地酒庄有限公司,迦南美地酒庄
宁夏家安生物科技有限公司,家安
宁夏家家食用油有限公司,家家食用油
宁夏家苗跃农机作业服务有限公司,家苗跃农机作业
宁夏嘉宝信金融仓储有限公司,嘉宝信金融仓储
宁夏嘉地酒园酒庄有限公司,嘉地酒园酒庄
宁夏嘉立特环保技术有限公司,嘉立特
宁夏嘉隆建筑工程有限责任公司,嘉隆
宁夏嘉农环保科技有限公司,嘉农
宁夏嘉适元物联科技有限公司,嘉适元物联
宁夏简墨碳素新材有限公司,简墨碳素新材
宁夏建博装配式科技有限公司,建博装配式
宁夏建成建材有限责任公司,建成建材
宁夏建成砼业有限公司,建成砼业
宁夏建大科技有限公司,建大
宁夏建设投资集团钢结构有限公司,建设投资钢结构
宁夏建设投资集团岩土工程有限公司,建设投资岩土
宁夏建设投资集团装饰工程有限公司,建设投资装饰
宁夏建投设计研究总院（有限公司）,建投设计研究总院
宁夏建兴环保科技有限公司,建兴
宁夏建筑材料产品质量监督检验站有限公司,材料产品质量监督检验站
宁夏建筑科学研究院集团股份有限公司,科学研究院股份
宁夏健力肽生物科技有限公司,健力肽
宁夏江东朔科技有限公司,江东朔
宁夏交建交通科技研究院有限公司,交建交通研究院
宁夏交通科学研究所有限公司,交通科学研究所
宁夏交投科技发展有限公司,交投
宁夏角弓鸣电子竞技产业发展有限公司,角弓鸣电子竞技
宁夏杰佳信息技术发展有限公司,杰佳
宁夏杰力自动化设备有限公司,杰力设备
宁夏杰农种业科技有限公司,杰农种业
宁夏杰申精密机械有限公司,杰申精密机械
宁夏杰唯智能科技有限公司,杰唯
宁夏杰讯软件科技有限公司,杰讯软件
宁夏洁境科技有限公司,洁境
宁夏洁之安环境治理服务有限公司,洁之安环境治理
宁夏捷能通数字科技有限公司,捷能通数字
宁夏金诚杰软件开发有限公司,金诚杰软件开发
宁夏金川交联线缆科技有限公司,金川交联线缆
宁夏金丰易化工有限公司,金丰易化工
宁夏金海农牧科技有限公司,金海农牧
宁夏金海皮业有限责任公司,金海皮业
宁夏金凯胜工贸有限公司,金凯胜工贸
宁夏金科广汇科技有限公司,金科广汇
宁夏金灵州种业有限公司,金灵州种业
宁夏金目鼎盛智能科技有限公司,金目鼎盛
宁夏金苹果科技发展有限公司,金苹果
宁夏金瑞宸建筑工程有限公司,金瑞宸
宁夏金润昌科技有限公司,金润昌
宁夏金圣华机械科技有限公司,金圣华机械
宁夏金双禾粮油有限公司,金双禾粮油
宁夏金丝路大数据科技有限责任公司,金丝路大数据
宁夏金拓路文化科技有限公司,金拓路
宁夏金太阳药业有限公司,金太阳药业
宁夏金夏米业有限公司,金夏米业
宁夏金芯技术有限公司,金芯
宁夏金兴顺牧业有限公司,金兴顺牧业
宁夏金宇智慧科技有限公司,金宇智慧
宁夏金域医学检验所（有限公司）,金域医学检验所
宁夏锦沣电力工程设计有限公司,锦沣电力设计
宁夏锦枫科技有限公司,锦枫
宁夏锦亮电力科技有限公司,锦亮电力
宁夏锦隆工程试验检测有限公司,锦隆试验检测
宁夏锦秋科技有限公司,锦秋
宁夏锦润生态建设有限公司,锦润生态建设
宁夏锦硕信息技术服务有限公司,锦硕
宁夏锦泰弘科技有限公司,锦泰弘
宁夏锦旺农业科技发展有限公司,锦旺
宁夏锦绣世纪科技有限公司,锦绣世纪
宁夏锦元精密机械有限公司,锦元精密机械
宁夏京辉建设工程有限公司,京辉建设
宁夏京添一一新能源服务有限公司,京添一一
宁夏京铁卫士保安服务有限公司,京铁卫士保安
宁夏京武波纹管有限公司,京武波纹管
宁夏京芯软件开发有限公司,京芯软件开发
宁夏泾银化工有限公司,泾银化工
宁夏晶创智能装备有限公司,晶创装备
宁夏晶环新材料科技有限公司,晶环
宁夏晶润生物食品科技有限公司,晶润食品
宁夏晶英光伏科技有限公司,晶英光伏
宁夏精捷彩色印务有限公司,精捷彩色印务
宁夏精盛输送机械制造有限公司,精盛输送机械
宁夏景枫园林绿化工程有限公司,景枫园林绿化
宁夏景泓项目管理有限公司,景泓项目管理
宁夏景沃佳禾农业科技有限公司,景沃佳禾
宁夏九福伟业农村电商有限公司,九福伟业农村电商
宁夏九三零生态农牧有限公司,九三零生态农牧
宁夏九昇生物科技产业开发有限公司,九昇开发
宁夏九盛牧业科技研究院(有限公司),九盛牧业研究院
宁夏九盛牧业科技研究院（有限公司）,九盛牧业研究院
宁夏九源财税服务有限公司,九源财税
宁夏九州人力资源服务有限公司,九州人力资源
宁夏久瓦能源科技有限公司,久瓦能源
宁夏玖柏三维科技有限公司,玖柏三维
宁夏玖功科技有限公司,玖功
宁夏玖卉传媒有限公司,玖卉传媒
宁夏玖泰银科技有限公司,玖泰银
宁夏玖玥纺织科技有限公司,玖玥纺织
宁夏巨丰种苗有限责任公司,巨丰种苗
宁夏巨恒自控电器有限公司,巨恒自控电器
宁夏巨能机器人股份有限公司,巨能机器人股份
宁夏巨日现代农业科技有限公司,巨日现代
宁夏巨泰农业科技发展有限公司,巨泰
宁夏巨正环保科技有限公司,巨正
宁夏鉅诚智能精机有限公司,鉅诚精机
宁夏君磁新材料科技有限公司,君磁
宁夏君盾科技有限公司,君盾
宁夏君明利牧农牧有限公司,君明利牧农牧
宁夏君盛信息科技有限公司,君盛
宁夏君陶新材料科技有限公司,君陶
宁夏君望科技咨询服务有限公司,君望咨询
宁夏君泽消防检测有限公司,君泽消防检测
宁夏俊鹏市政园林工程有限公司,俊鹏市政园林
宁夏骏兴达智能技术服务有限公司,骏兴达
宁夏凯晨电气集团有限公司,凯晨电气
宁夏凯达通建设工程有限公司,凯达通建设
宁夏凯迪亿德自动化设备,凯迪亿德设备
宁夏凯力特新能源科技发展有限公司,凯力特
宁夏凯盛源信息科技开发有限公司,凯盛源开发
宁夏凯斯德机电科技有限公司,凯斯德机电
宁夏凯速德科技有限公司,凯速德
宁夏凯拓科技有限公司,凯拓
宁夏凯拓智能科技有限公司,凯拓
宁夏凯泰特新能源工程技术有限公司,凯泰特
宁夏凯添燃气发展股份有限公司,凯添燃气股份
宁夏凯信特信息科技有限公司,凯信特
宁夏凯泽建设工程有限公司,凯泽建设
宁夏凯珠机械化工程有限公司,凯珠机械化
宁夏康晟乐农牧有限公司,康晟乐农牧
宁夏康大生物科技有限公司,康大
宁夏康乐达互联网科技有限公司,康乐达互联网
宁夏康泰隆中药饮片有限公司,康泰隆中药饮片
宁夏康亚药业股份有限公司,康亚药业股份
宁夏康扬中药材科技有限公司,康扬中药材
宁夏科博生物科技有限公司,科博
宁夏科尔福特数控技术有限公司,科尔福特数控
宁夏科丰种业有限公司,科丰种业
宁夏科衡农业科技发展有限公司,科衡
宁夏科鸿控制系统工程有限公司,科鸿控制系统
宁夏科华电力科技有限公司,科华电力
宁夏科吉互联网科技有限公司,科吉互联网
宁夏科竣环保科技有限公司,科竣
宁夏科梦奇人工智能科技有限公司,科梦奇人工
宁夏科楠电工科技有限公司,科楠电工
宁夏科锐达自动化设备有限公司,科锐达设备
宁夏科瑞恒生农业科技有限公司,科瑞恒生
宁夏科瑞洁环境技术有限公司,科瑞洁环境
宁夏科泰种业有限公司,科泰种业
宁夏科特包装印刷有限公司,科特包装印刷
宁夏科腾建设科技有限公司,科腾建设
宁夏科为科技有限公司,科为
宁夏科星科技咨询有限公司,科星咨询
宁夏科易网科技有限公司,科易网
宁夏科优种业有限公司,科优种业
宁夏科育种苗有限公司,科育种苗
宁夏科正检测有限公司,科正检测
宁夏空间信息科技有限公司,空间
宁夏酷客教育科技有限公司,酷客教育
宁夏坤达自动化科技有限公司,坤达
宁夏坤生建设工程有限公司,坤生建设
宁夏鲲鹏电子商务有限公司,鲲鹏电子商务
宁夏莱芝智慧生态科技有限公司,莱芝智慧生态
宁夏兰星现代农业有限公司,兰星现代
宁夏蓝盾创鑫安全技术有限公司,蓝盾创鑫安全
宁夏蓝晶科技有限公司,蓝晶
宁夏蓝净能源科技有限公司,蓝净能源
宁夏蓝图科技发展有限公司,蓝图
宁夏蓝湾生态农业有限公司,蓝湾生态
宁夏蓝因生物科技有限公司,蓝因
宁夏朗润环境工程有限公司,朗润环境
宁夏朗月新材料有限公司,朗月
宁夏老哈机械设备有限公司,老哈机械设备
宁夏涝河桥肉食品配送有限公司,涝河桥肉食品配送
宁夏乐承致家科技有限公司,乐承致家
宁夏乐道物联网科技有限公司,乐道物联网
宁夏乐道智能科技股份有限公司,乐道股份
宁夏乐民农业发展有限公司,乐民
宁夏乐清环保科技有限公司,乐清
宁夏雷利祥科技有限公司,雷利祥
宁夏磊峰兄弟农业机械作业有限公司,磊峰兄弟机械作业
宁夏力成电气集团有限公司,力成电气
宁夏力控电气有限公司,力控电气
宁夏力行建筑研究院有限公司,力行研究院
宁夏力源科技有限公司,力源
宁夏立宸科技开发有限公司,立宸开发
宁夏立思辰银山教育产业有限公司,立思辰银山教育
宁夏立韦科技有限公司,立韦
宁夏利思农业科技发展有限公司,利思
宁夏利思葡萄酒庄有限公司,利思葡萄酒庄
宁夏联权绒业开发有限公司,联权绒业开发
宁夏联星科技服务有限公司,联星
宁夏量智云信息科技有限公司,量智云
宁夏燎原远大阀门销售有限公司,燎原远大阀门销售
宁夏邻迹科技有限公司,邻迹
宁夏林盛元建设工程有限公司,林盛元建设
宁夏灵浩工贸有限公司,灵浩工贸
宁夏灵树科技有限公司,灵树
宁夏灵朔电子商务有限公司,灵朔电子商务
宁夏灵武市金岭农牧有限公司,市金岭农牧
宁夏灵州雪服装股份有限公司,灵州雪服装股份
宁夏聆音科技有限公司,聆音
宁夏零星网络科技有限公司,零星
宁夏领航保温材料有限公司,领航保温材料
宁夏领航岩棉科技有限公司,领航岩棉
宁夏领航者低空飞行技术服务有限公司,领航者低空飞行
宁夏领世新材料科技有限公司,领世
宁夏领新耘智空间科技有限公司,领新耘智空间
宁夏留世葡萄酒庄有限公司,留世葡萄酒庄
宁夏六德原科技文化有限公司,六德原
宁夏六盘峰云科技有限公司,六盘峰云
宁夏六维金融科技发展有限公司,六维金融
宁夏龙凤制衣有限责任公司,龙凤制衣
宁夏龙津消防安全技术有限公司,龙津消防安全
宁夏龙塞电气设备有限公司,龙塞电气设备
宁夏龙山御景科技发展有限公司,龙山御景
宁夏龙翔建设工程检测有限公司,龙翔建设检测
宁夏隆合科技有限公司,隆合
宁夏隆基电气有限公司,隆基电气
宁夏隆基乐叶科技有限公司,隆基乐叶
宁夏隆基宁光仪表股份有限公司,隆基宁光仪表股份
宁夏隆利鑫机械设备制造有限公司,隆利鑫机械设备
宁夏隆盛经济技术信息开发有限公司,隆盛经济开发
宁夏隆通信息科技有限公司,隆通
宁夏鲁银工程检测有限公司,鲁银检测
宁夏橹丽科技发展有限公司,橹丽
宁夏路广通公路工程试验检测有限公司,路广通公路试验检测
宁夏路易科技有限公司,路易
宁夏绿博种子有限公司,绿博种子
宁夏绿川科技有限公司,绿川
宁夏绿方水产良种繁育有限公司,绿方水产良种繁育
宁夏绿歌环保科技发展有限公司,绿歌
宁夏绿稼源农业科技发展有限公司,绿稼源
宁夏绿农园牧业有限公司,绿农园牧业
宁夏绿色世纪农业科技发展有限公司,绿色世纪
宁夏绿色之星环保工程有限公司,绿色之星
宁夏绿森农副产品有限公司,绿森农副产品
宁夏绿社盛世园林绿化有限公司,绿社盛世园林绿化
宁夏绿天果业有限公司,绿天果业
宁夏绿网网络信息技术服务有限公司,绿网
宁夏绿先锋农业科技发展有限公司,绿先锋
宁夏绿叶信息科技有限公司,绿叶
宁夏绿源实业有限公司,绿源
宁夏绿展投资有限公司,绿展投资
宁夏绿筑集成科技有限公司,绿筑集成
宁夏迈克龙力工贸有限公司,迈克龙力工贸
宁夏迈奇创想科技有限公司,迈奇创想
宁夏麦尔乐食品股份有限公司,麦尔乐食品股份
宁夏麦芒农业科技发展有限公司,麦芒
宁夏满源机械设备安装有限公司,满源机械设备安装
宁夏茂鑫源汽车运输有限公司,茂鑫源汽车运输
宁夏媒眼供应链管理服务有限公司,媒眼供应链管理
宁夏煤炭基本建设有限公司,煤炭基本建设
宁夏煤炭科学技术研究所有限公司,煤炭科学研究所
宁夏美邦寰宇化学有限公司,美邦寰宇化学
宁夏美极鲜蔬菜配送有限公司,美极鲜蔬菜配送
宁夏美科医疗器械有限公司,美科医疗器械
宁夏美通新能源科技有限公司,美通
宁夏美欣进工程有限公司,美欣进
宁夏美尊智能科技有限公司,美尊
宁夏萌生砼业有限公司,萌生砼业
宁夏迷庐文化传播有限公司,迷庐传播
宁夏米客食品科技有限公司,米客食品
宁夏米赛尔机械设备有限公司,米赛尔机械设备
宁夏绵洋洋食品有限公司,绵洋洋食品
宁夏民江钢化玻璃有限公司,民江钢化玻璃
宁夏闽宁汇盛商务科技有限公司,闽宁汇盛商务
宁夏名乾科技有限公司,名乾
宁夏明宝新型涂料有限公司,明宝新型涂料
宁夏明道文化发展有限公司,明道
宁夏明途工程试验检测有限公司,明途试验检测
宁夏明翔粮油有限公司,明翔粮油
宁夏铭华君盛农牧科技有限公司,铭华君盛农牧
宁夏铭悦达塑料包装有限公司,铭悦达塑料包装
宁夏莫克仪表科技有限公司,莫克仪表
宁夏墨工科技有限公司,墨工
宁夏木尔马建材有限公司,木尔马建材
宁夏木易云文教育咨询有限公司,木易云文教育咨询
宁夏沐思科技有限责任公司,沐思
宁夏牧江科技有限公司,牧江
宁夏慕森电力工程有限公司,慕森电力
宁夏慕葳睡眠科技有限公司,慕葳睡眠
宁夏穆华香食品有限公司,穆华香食品
宁夏穆勒电气有限公司,穆勒电气
宁夏奶瓜瓜生物科技有限公司,奶瓜瓜
宁夏奶牛研究所(有限公司),奶牛研究所
宁夏奶牛研究所（有限公司）,奶牛研究所
宁夏耐邦供水设备工程有限公司,耐邦供水设备
宁夏宁宝世家食品科技有限公司,宁宝世家食品
宁夏宁宝印刷技术有限公司,宁宝印刷
宁夏宁博通模板有限责任公司,宁博通模板
宁夏宁创智思科技有限公司,宁创智思
宁夏宁电电力设计有限公司,宁电电力设计
宁夏宁电消防设备有限公司,宁电消防设备
宁夏宁东华晟节能环保科技有限公司,宁东华晟节能
宁夏宁东科慧数运大数据有限公司,宁东科慧数运大数据
宁夏宁东科技创业投资有限公司,宁东创业投资
宁夏宁东科控大数据有限责任公司,宁东科控大数据
宁夏宁聚油田材料科技有限公司,宁聚油田材料
宁夏宁铼新材料科技有限公司,宁铼
宁夏宁苗绿博苗木有限公司,宁苗绿博苗木
宁夏宁苗生态建设集团股份有限公司,宁苗生态建设股份
宁夏宁企典知识产权代理有限公司,宁企典知识产权代理
宁夏宁企信知识产权咨询有限公司,宁企信知识产权咨询
宁夏宁羴源牛羊肉有限公司,宁羴源牛羊肉
宁夏宁深禾望电气有限公司,宁深禾望电气
宁夏宁硕精密科技有限公司,宁硕精密
宁夏宁信信息科技有限公司,宁信
宁夏宁银环保科技有限公司,宁银
宁夏农夫田园商贸有限公司,农夫田园商贸
宁夏农垦平吉堡农场有限公司,农垦平吉堡农场
宁夏农垦乳制品有限公司,农垦乳制品
宁夏农林科学院畜牧兽医研究所（有限公司）,农林科学院畜牧兽医研究所
宁夏诺克银丰智能科技有限公司,诺克银丰
宁夏诺鲜程科技有限公司,诺鲜程
宁夏欧创机械有限公司,欧创机械
宁夏欧斯曼电子商务有限公司,欧斯曼电子商务
宁夏欧韵新型材料有限公司,欧韵新型材料
宁夏磐泰能源科技有限公司,磐泰能源
宁夏沛信建设工程有限公司,沛信建设
宁夏朋众信息技术有限公司,朋众
宁夏鹏丰种业有限公司,鹏丰种业
宁夏品禾农业科技有限公司,品禾
宁夏葡萄酒职业技能培训学校有限公司,葡萄酒职业技能培训学校
宁夏璞石信息技术服务有限责任公司,璞石
宁夏普利特新能源开发有限公司,普利特开发
宁夏普凌企业管理有限责任公司,普凌企业管理
宁夏普凌信息科技有限责任公司,普凌
宁夏普天动能信息技术有限公司,普天动能
宁夏普信科技服务有限公司,普信
宁夏齐鑫伟业自动化科技有限公司,齐鑫伟业
宁夏祁源生态科技发展有限公司,祁源生态
宁夏奇客摩克教育科技有限公司,奇客摩克教育
宁夏奇略源科技咨询有限公司,奇略源咨询
宁夏淇霖农牧有限公司,淇霖农牧
宁夏祺祥安防雷科技有限公司,祺祥安防雷
宁夏企服网科技服务有限公司,企服网
宁夏企通网络科技有限公司,企通
宁夏杞乐康食品开发有限公司,杞乐康食品开发
宁夏杞蕴现代生态农业科技发展有限公司,杞蕴现代生态
宁夏启动科技有限公司,启动
宁夏启航新能源科技开发有限公司,启航开发
宁夏启汇科技服务有限公司,启汇
宁夏启旭农业科技发展有限公司,启旭
宁夏启元国药有限公司,启元国药
宁夏启元药业有限公司,启元药业
宁夏启钺建设工程有限公司,启钺建设
宁夏启之源测绘科技有限公司,启之源测绘
宁夏千弓预应力技术工程有限公司,千弓预应力
宁夏芊艺农业科技有限公司,芊艺
宁夏乾广生态科技有限公司,乾广生态
宁夏乾能低碳科技开发有限公司,乾能低碳开发
宁夏强铝科技有限公司,强铝
宁夏乔锋机械制造有限公司,乔锋机械
宁夏乔阳科技有限公司,乔阳
宁夏巧玲科技有限公司,巧玲
宁夏秦晟达生物科技有限公司,秦晟达
宁夏秦联能源集团有限公司,秦联能源
宁夏秦杨中医医院有限公司,秦杨中医医院
宁夏青川管业有限公司,青川管业
宁夏青龙塑料管材有限公司,青龙塑料管材
宁夏青鑫天一节能环保科技有限公司,青鑫天一节能
宁夏清洁发展机制环保服务中心（有限责任公司）,清洁机制中心
宁夏清穆食品有限公司,清穆食品
宁夏趣淘健康食品有限责任公司,趣淘健康食品
宁夏全晟达空间技术服务有限公司,全晟达空间
宁夏全盛金属表面处理有限公司,全盛金属表面处理
宁夏人和管业有限公司,人和管业
宁夏认养一头牛牧业有限公司,认养一头牛牧业
宁夏茸源养殖发展有限公司,茸源养殖
宁夏荣邦电力工程有限公司,荣邦电力
宁夏荣光电节能科技实业有限公司,荣光电节能
宁夏荣光电力工程有限公司,荣光电力
宁夏荣和绿色科技有限公司,荣和绿色
宁夏荣林生态科技有限公司,荣林生态
宁夏榕科矿山机械有限公司,榕科矿山机械
宁夏融汇丰建设工程有限公司,融汇丰建设
宁夏融汇丰生态科技有限公司,融汇丰生态
宁夏融利源供应链管理有限公司,融利源供应链管理
宁夏融媒科技有限公司,融媒
宁夏软件工程院有限公司,软件院
宁夏锐驰信息科技有限公司,锐驰
宁夏锐航创新科技咨询有限公司,锐航创新咨询
宁夏锐思互动文化传媒有限公司,锐思互动传媒
宁夏瑞辰智能科技有限公司,瑞辰
宁夏瑞鼎科技有限公司,瑞鼎
宁夏瑞光博远科技有限公司,瑞光博远
宁夏瑞能工贸有限公司,瑞能工贸
宁夏瑞奇欧商贸有限公司,瑞奇欧商贸
宁夏瑞斯软件有限公司,瑞斯软件
宁夏瑞威尔能源环境工程有限公司,瑞威尔能源环境
宁夏瑞沃水资源工程研究院（有限公司）,瑞沃水资源研究院
宁夏瑞信农业开发有限公司,瑞信开发
宁夏瑞银铅资源再生有限公司,瑞银铅资源再生
宁夏瑞银有色金属科技有限公司,瑞银有色金属
宁夏睿创节能环保科技有限公司,睿创节能
宁夏睿途科技有限公司,睿途
宁夏睿星力衡计量检测中心（有限公司）,睿星力衡计量检测中心
宁夏睿源精细化工有限公司,睿源精细化工
宁夏润邦门窗幕墙工程有限公司,润邦门窗幕墙
宁夏润达电气科技有限公司,润达电气
宁夏润丰种业有限公司,润丰种业
宁夏润禾丰生物科技有限公司,润禾丰
宁夏润农智能节水科技有限公司,润农节水
宁夏润宇泽节能环保有限公司,润宇泽节能
宁夏润泽丰源法律咨询服务有限公司,润泽丰源法律咨询
宁夏塞柏科技发展有限公司,塞柏
宁夏塞上金裕食用油有限公司,塞上金裕食用油
宁夏塞上牧场食品有限公司,塞上牧场食品
宁夏塞上牧源牧业有限公司,塞上牧源牧业
宁夏塞上杞园食品科技有限公司,塞上杞园食品
宁夏塞上迎鑫农牧有限公司,塞上迎鑫农牧
宁夏塞上置业有限公司,塞上置业
宁夏塞尚乳业有限公司,塞尚乳业
宁夏赛福质量检测技术有限公司,赛福质量检测
宁夏赛洛丝网络科技有限公司,赛洛丝
宁夏赛马科进混凝土有限公司,赛马科进混凝土
宁夏赛马水泥有限公司,赛马水泥
宁夏赛斯聚信生物科技有限责任公司,赛斯聚信
宁夏赛文技术股份有限公司,赛文股份
宁夏三爱文化发展有限公司,三爱
宁夏三才信息科技有限公司,三才
宁夏三产融合产业发展有限公司,三产融合
宁夏三丁湖农业科技发展有限公司,三丁湖
宁夏三恒电线电缆有限公司,三恒电线电缆
宁夏三瑞机械环保设备有限公司,三瑞机械设备
宁夏三十六度生物科技有限公司,三十六度
宁夏三思信息技术有限公司,三思
宁夏三谊新材料科技有限公司,三谊
宁夏三正管业有限公司,三正管业
宁夏三正世通橡塑科技有限责任公司,三正世通橡塑
宁夏森创环境工程有限公司,森创环境
宁夏森蓝环保有限公司,森蓝
宁夏森润牧业开发有限公司,森润牧业开发
宁夏山逗子杂粮绿色食品科技开发有限公司,山逗子杂粮绿色食品开发
宁夏山水相遇农业科技发展有限公司,山水相遇
宁夏善庆智能装备有限公司,善庆装备
宁夏善途生物科技有限公司,善途
宁夏上恒食品有限公司,上恒食品
宁夏上业安泰工贸有限公司,上业安泰工贸
宁夏上泽龙水利水电工程有限公司,上泽龙水利水电
宁夏尚辰电力工程有限公司,尚辰电力
宁夏尚蓝环保科技有限公司,尚蓝
宁夏尚锐科技有限公司,尚锐
宁夏尚信酬勤科技有限公司,尚信酬勤
宁夏尚屹新材料科技有限公司,尚屹
宁夏尚禹节水科技有限公司,尚禹节水
宁夏申和新材料科技有限公司,申和
宁夏神奇之鸟陶瓷有限公司,神奇之鸟陶瓷
宁夏神耀科技有限责任公司,神耀
宁夏神州好易信息发展股份有限公司,神州好易股份
宁夏升世隆泰电气有限公司,升世隆泰电气
宁夏圣普建筑工程有限公司,圣普
宁夏圣友德实业有限公司,圣友德
宁夏胜聚智能科技有限公司,胜聚
宁夏胜威电力设备制造有限公司,胜威电力设备
宁夏盛澳源牧业有限公司,盛澳源牧业
宁夏盛华保温材料有限公司,盛华保温材料
宁夏盛晖科技有限公司,盛晖
宁夏盛景咨询服务有限公司,盛景咨询
宁夏盛康生态建设工程有限公司,盛康生态建设
宁夏盛世创业电子有限公司,盛世创业电子
宁夏盛世华欣电气开关有限公司,盛世华欣电气开关
宁夏盛世绿源环境检测有限责任公司,盛世绿源环境检测
宁夏盛天彩数字科技股份有限公司,盛天彩数字股份
宁夏石化银骏安全技术咨询有限公司,石化银骏安全咨询
宁夏时代森淼家具有限公司,时代森淼家具
宁夏时星科技有限公司,时星
宁夏实德新型建材有限公司,实德新型建材
宁夏拾悦酒业有限公司,拾悦酒业
宁夏食鲜汇供应链管理有限公司,食鲜汇供应链管理
宁夏世纪创想网络科技有限公司,世纪创想
宁夏世纪信通信息安全有限公司,世纪信通安全
宁夏书云科技有限责任公司,书云
宁夏蜀佳农牧科技有限公司,蜀佳农牧
宁夏数创科技发展有限公司,数创
宁夏数据科技股份有限公司,数据股份
宁夏帅玺品牌管理有限责任公司,帅玺品牌管理
宁夏双玉防水防腐材料集团有限公司,双玉防水防腐材料
宁夏双玉建筑防水材料有限公司,双玉防水材料
宁夏水利水电勘测设计研究院有限公司,水利水电勘测设计研究院
宁夏水林尘电子商务有限公司,水林尘电子商务
宁夏水投科技股份有限公司,水投股份
宁夏水投清水河城乡供水有限公司,水投清水河城乡供水
宁夏水投清水源水处理科技有限公司,水投清水源水处理
宁夏水投云澜科技股份有限公司,水投云澜股份
宁夏顺邦达新材料有限公司,顺邦达
宁夏顺控自动化技术有限公司,顺控
宁夏顺通塑业有限公司,顺通塑业
宁夏舜昌亚麻纺织科技有限公司,舜昌亚麻纺织
宁夏瞬剪文化科技有限公司,瞬剪
宁夏硕邦电线电缆有限公司,硕邦电线电缆
宁夏丝路风情网络科技股份有限公司,丝路风情股份
宁夏丝路明珠生物科技有限公司,丝路明珠
宁夏思博智能科技有限公司,思博
宁夏思和电子科技有限公司,思和电子
宁夏思极科技有限公司,思极
宁夏思捷易网科贸有限公司,思捷易网科贸
宁夏思睿能源管理科技有限公司,思睿能源管理
宁夏思翔科技有限公司,思翔
宁夏思学网络科技有限公司,思学
宁夏思远信息技术有限公司,思远
宁夏四季青冷链物流有限公司,四季青冷链物流
宁夏四季优鲜现代农业科技有限公司,四季优鲜现代
宁夏苏川科技服务有限公司,苏川
宁夏苏客隆仓储设备有限公司,苏客隆仓储设备
宁夏苏洋文化传媒有限公司,苏洋传媒
宁夏索特科新型器件有限公司,索特科新型器件
宁夏塔迪科技有限公司,塔迪
宁夏太谷能源管理科技服务有限公司,太谷能源管理
宁夏泰达路业工程有限公司,泰达路业
宁夏泰和润生物科技有限公司,泰和润
宁夏泰和兴材料科技有限公司,泰和兴材料
宁夏泰极纸业有限责任公司,泰极纸业
宁夏泰瑞力克机械精工制造有限公司,泰瑞力克机械精工
宁夏泰益欣生物科技股份有限公司,泰益欣股份
宁夏特源特色农业开发有限责任公司,特源特色开发
宁夏腾达食品有限公司,腾达食品
宁夏腾新科技有限公司,腾新
宁夏天诚众一建设工程有限公司,天诚众一建设
宁夏天地奔牛链条有限公司,天地奔牛链条
宁夏天地恒源网络科技有限公司,天地恒源
宁夏天地华宇科技有限公司,天地华宇
宁夏天地经纬电力设备工程有限公司,天地经纬电力设备
宁夏天地元化工有限公司,天地元化工
宁夏天地元环境实业发展有限公司,天地元环境
宁夏天工科技有限公司,天工
宁夏天海食品有限公司,天海食品
宁夏天凯银科财税管理咨询服务有限公司,天凯银科财税管理咨询
宁夏天凯银科科技有限公司,天凯银科
宁夏天隆海洋线缆有限公司,天隆海洋线缆
宁夏天鹏智合大数据有限公司,天鹏智合大数据
宁夏天然蜂产品科技开发有限责任公司,天然蜂产品开发
宁夏天荣现代农业科技有限公司,天荣现代
宁夏天润丰高科技管业有限公司,天润丰高管业
宁夏天润禾环保科技有限公司,天润禾
宁夏天润农农机服务有限公司,天润农农机
宁夏天顺成科技有限公司,天顺成
宁夏天通纸业有限公司,天通纸业
宁夏天欣富宏农牧有限公司,天欣富宏农牧
宁夏天雄碳材料有限公司,天雄碳材料
宁夏天选云电子服务有限公司,天选云电子
宁夏天一晟信息科技有限公司,天一晟
宁夏天胤电力通信工程有限公司,天胤电力通信
宁夏天鹰同创建筑技术有限公司,天鹰同创
宁夏天佑信息科技有限公司,天佑
宁夏天缘祺电力工程有限公司,天缘祺电力
宁夏天之谷食品有限公司,天之谷食品
宁夏天筑予景建筑设计咨询有限公司,天筑予景设计咨询
宁夏天纵泓光余热发电技术股份有限公司,天纵泓光余热发电股份
宁夏甜橙科技有限公司,甜橙
宁夏铁辰环境技术有限公司,铁辰环境
宁夏通标产品质量检验测试研究中心（有限公司）,通标产品质量检验测试研究中心
宁夏通昶医药物流有限公司,通昶物流
宁夏通力智能科技有限公司,通力
宁夏通特工贸有限公司,通特工贸
宁夏通信规划设计院（有限责任公司）,通信规划设计院
宁夏通信建设有限公司,通信建设
宁夏通宇电梯制造发展股份有限公司,通宇电梯股份
宁夏同望工程咨询有限公司,同望咨询
宁夏同盈现代农业发展有限公司,同盈现代
宁夏图兰朵酒业有限公司,图兰朵酒业
宁夏万国科技有限公司,万国
宁夏万恒人防特种防护设备有限公司,万恒人防特种防护设备
宁夏万鸿环境服务有限公司,万鸿环境
宁夏万辉生物环保科技有限公司,万辉
宁夏万惠科技服务有限公司,万惠
宁夏万界科技有限责任公司,万界
宁夏万颗农业综合开发有限公司,万颗综合开发
宁夏万牧山农牧有限公司,万牧山农牧
宁夏万仕隆冷冻科技股份有限公司,万仕隆冷冻股份
宁夏万通新型建材有限公司,万通新型建材
宁夏万维智联科技有限公司,万维智联
宁夏万亿科技有限公司,万亿
宁夏万众农业机械化服务有限公司,万众机械化
宁夏王杰农资经营有限公司,王杰农资经营
宁夏网虫科技传媒有限公司,网虫传媒
宁夏网界智慧产业发展有限公司,网界智慧
宁夏网信创安信息技术服务有限公司,网信创安
宁夏网运通数字科技有限公司,网运通数字
宁夏旺源众禾农业有限公司,旺源众禾
宁夏威尔信建筑科技（集团）有限公司,威尔信
宁夏威科嘉动物科技有限公司,威科嘉动物
宁夏威睿信息技术有限公司,威睿
宁夏微利信机械设备制造有限公司,微利信机械设备
宁夏微众科技有限公司,微众
宁夏维尔康环境检测有限公司,维尔康环境检测
宁夏维华新兴建设有限公司,维华新兴建设
宁夏维水源化工产品有限公司,维水源化工产品
宁夏维益电气有限公司,维益电气
宁夏维益电子科技有限公司,维益电子
宁夏伟昌钢化玻璃有限公司,伟昌钢化玻璃
宁夏伟创药业有限公司,伟创药业
宁夏伟航创业服务有限公司,伟航创业
宁夏纬通实业有限公司,纬通
宁夏未来生物科技有限公司,未来
宁夏味福季食品科技有限公司,味福季食品
宁夏味尤美食品有限公司,味尤美食品
宁夏蔚来视界科技有限公司,蔚来视界
宁夏蔚来新材料技术研究院有限公司,蔚来研究院
宁夏文掌柜食品有限公司,文掌柜食品
宁夏闻墨科贸有限公司,闻墨科贸
宁夏蜗牛新材料技术有限公司,蜗牛
宁夏沃尔丰葡萄酒有限公司,沃尔丰葡萄酒
宁夏沃美达生物医药科技有限公司,沃美达
宁夏沃源犇洲农牧有限公司,沃源犇洲农牧
宁夏沃之源科技有限公司,沃之源
宁夏无为信息技术有限公司,无为
宁夏无线互通信息技术有限公司,无线互通
宁夏梧桐树产业孵化发展有限公司,梧桐树孵化
宁夏五丰农业科技有限公司,五丰
宁夏五维科技有限公司,五维
宁夏武发工贸有限公司,武发工贸
宁夏西贝农林牧生态科技有限公司,西贝农林牧生态
宁夏西部绿谷节水技术有限公司,西部绿谷节水
宁夏西部皮草有限公司,西部皮草
宁夏西部云科信息技术有限公司,西部云科
宁夏西诚软件股份有限公司,西诚软件股份
宁夏西格马农牧业有限公司,西格马农牧业
宁夏西格玛科技有限公司,西格玛
宁夏西谷六方机电设备有限公司,西谷六方机电设备
宁夏西渠华仁农林科技有限公司,西渠华仁农林
宁夏西戎物联科技有限公司,西戎物联
宁夏西夏种业有限公司,西夏种业
宁夏西月花卉科技有限公司,西月花卉
宁夏西竹食品有限公司,西竹食品
宁夏希望田野生物农业科技有限公司,希望田野
宁夏希望信息产业股份有限公司,希望股份
宁夏玺鹿网络信息科技服务有限公司,玺鹿
宁夏夏能生物科技有限公司,夏能
宁夏夏瑞生物科技有限公司,夏瑞
宁夏夏盛实业集团有限公司,夏盛
宁夏夏禹节水科技有限公司,夏禹节水
宁夏先禾科技传媒有限公司,先禾传媒
宁夏先科电力设计咨询有限公司,先科电力设计咨询
宁夏鲜丰农业开发有限公司,鲜丰开发
宁夏祥瑞升生态环境有限公司,祥瑞升生态环境
宁夏祥瑞智能科技有限公司,祥瑞
宁夏祥云文化传播有限责任公司,祥云传播
宁夏享誉生物科技有限公司,享誉
宁夏向量信息技术有限公司,向量
宁夏骁啸光电科技有限公司,骁啸光电
宁夏霄霞生态科技股份有限公司,霄霞生态股份
宁夏小巨人科技有限公司,小巨人
宁夏小牛自动化设备股份有限公司,小牛设备股份
宁夏小任果蔬现代农业产业有限公司,小任果蔬现代
宁夏晓鸣农牧股份有限公司,晓鸣农牧股份
宁夏校萌科技有限公司,校萌
宁夏协成电气有限公司,协成电气
宁夏协力装备有限公司,协力装备
宁夏芯电数字科技有限公司,芯电数字
宁夏芯印象科技有限公司,芯印象
宁夏昕能电力技术有限公司,昕能电力
宁夏昕远通交通科技有限公司,昕远通交通
宁夏欣奥化工有限责任公司,欣奥化工
宁夏欣达节能技术有限公司,欣达节能
宁夏欣光泰电力技术有限公司,欣光泰电力
宁夏欣凯烨信息科技有限公司,欣凯烨
宁夏欣迈建设工程有限公司,欣迈建设
宁夏欣烨包装制品有限公司,欣烨包装制品
宁夏欣源绿逸农业发展有限公司,欣源绿逸
宁夏新阿里生态农业发展有限公司,新阿里生态
宁夏新澳农牧有限公司,新澳农牧
宁夏新澳羊绒有限公司,新澳羊绒
宁夏新百丰科技发展有限公司,新百丰
宁夏新彩工程建设有限公司,新彩建设
宁夏新创艺实业有限公司,新创艺
宁夏新东方食用油有限公司,新东方食用油
宁夏新丰益节能科技有限公司,新丰益节能
宁夏新阜特能源服务有限公司,新阜特能源
宁夏新航信息科技有限公司,新航
宁夏新鸿科液压技术有限公司,新鸿科液压
宁夏新华物流股份有限公司,新华物流股份
宁夏新慧彬葡萄酒庄有限公司,新慧彬葡萄酒庄
宁夏新金凰印刷有限公司,新金凰印刷
宁夏新明润源农业科技有限公司,新明润源
宁夏新起点现代农业装备科技有限公司,新起点现代装备
宁夏新瑞长城机床有限公司,新瑞长城机床
宁夏新瑞铸造有限公司,新瑞铸造
宁夏新世线国际会展服务有限公司,新世线国际会展
宁夏新思科管理咨询有限公司,新思科管理咨询
宁夏新中绒羊绒服装有限公司,新中绒羊绒服装
宁夏新中意门业有限公司,新中意门业
宁夏歆通物流科技有限公司,歆通物流
宁夏歆宇供应链科技（集团）有限公司,歆宇供应链
宁夏鑫柏瑞环保工程有限公司,鑫柏瑞
宁夏鑫昌广源装饰工程有限公司,鑫昌广源装饰
宁夏鑫晨玉润智能科技有限公司,鑫晨玉润
宁夏鑫尔特新能源有限公司,鑫尔特
宁夏鑫沣农业科技有限公司,鑫沣
宁夏鑫昊石建材有限公司,鑫昊石建材
宁夏鑫昊源农牧开发有限公司,鑫昊源农牧开发
宁夏鑫煌绒业有限公司,鑫煌绒业
宁夏鑫嘉年华汽车维修服务有限公司,鑫嘉年华汽车维修
宁夏鑫晶盛电子材料有限公司,鑫晶盛电子材料
宁夏鑫磊建设工程检测服务有限公司,鑫磊建设检测
宁夏鑫泰科技有限公司,鑫泰
宁夏鑫泰牧业有限公司,鑫泰牧业
宁夏鑫通道路工程咨询有限公司,鑫通道路咨询
宁夏鑫旺铝业有限公司,鑫旺铝业
宁夏鑫新顺达农牧有限公司,鑫新顺达农牧
宁夏鑫洋门窗有限公司,鑫洋门窗
宁夏鑫烨科技发展有限公司,鑫烨
宁夏鑫优仕信息科技有限公司,鑫优仕
宁夏鑫佑门窗有限公司,鑫佑门窗
宁夏鑫源伟业企业管理有限公司,鑫源伟业企业管理
宁夏鑫之翊技术咨询有限公司,鑫之翊咨询
宁夏鑫之翊科技有限公司,鑫之翊
宁夏信安永达科技有限公司,信安永达
宁夏信德恒源新材料有限公司,信德恒源
宁夏信通网络科技有限公司,信通
宁夏信友监理咨询管理股份有限公司,信友监理咨询管理股份
宁夏信准检测技术服务有限公司,信准检测
宁夏星辰医疗器械有限公司,星辰医疗器械
宁夏星航网络科技有限公司,星航
宁夏星瀛网络科技有限公司,星瀛
宁夏行云信息科技有限公司,行云
宁夏兴电工程监理有限责任公司,兴电监理
宁夏兴华互通供应链有限公司,兴华互通供应链
宁夏兴华宇天然物产有限公司,兴华宇天然物产
宁夏兴捷报废汽车回收有限责任公司,兴捷报废汽车回收
宁夏兴灵粮油有限公司,兴灵粮油
宁夏兴日晟环保科技有限公司,兴日晟
宁夏兴盛驾驶员培训有限责任公司,兴盛驾驶员培训
宁夏兴唐米业集团有限公司,兴唐米业
宁夏兴亚节能环保科技有限公司,兴亚节能
宁夏兴源达农牧有限公司,兴源达农牧
宁夏兴卓交通建设工程有限公司,兴卓交通建设
宁夏雄牛酒业有限公司,雄牛酒业
宁夏雄仕达汽车服务有限公司,雄仕达汽车
宁夏雄越农牧专业合作社,雄越农牧专业合作社
宁夏旭景川夏信息工程有限公司,旭景川夏
宁夏轩禾源农牧有限公司,轩禾源农牧
宁夏玄瓷新材料科技有限公司,玄瓷
宁夏雪福多食品科技发展有限公司,雪福多食品
宁夏讯浦通讯科技有限公司,讯浦通讯
宁夏迅海技术有限公司,迅海
宁夏迅联科技有限公司,迅联
宁夏巽坤合巨农业开发有限公司,巽坤合巨开发
宁夏言辰科技有限公司,言辰
宁夏阳光新能源开发有限公司,阳光开发
宁夏遥创物联网科技有限公司,遥创物联网
宁夏一粒丰农业科技有限公司,一粒丰
宁夏一面香传食品加工有限公司,一面香传食品加工
宁夏一沐智云网络科技有限公司,一沐智云
宁夏一山科技有限公司,一山
宁夏伊地地质工程有限公司,伊地地质
宁夏伊禾食品有限公司,伊禾食品
宁夏伊佳仁食品有限公司,伊佳仁食品
宁夏伊凯能源管理节能有限公司,伊凯能源管理节能
宁夏伊瑞朵食品有限公司,伊瑞朵食品
宁夏壹诺新能源有限公司,壹诺
宁夏壹泰牧业有限公司,壹泰牧业
宁夏宜能环保科技有限公司,宜能
宁夏以鲜冠农业科技有限公司,以鲜冠
宁夏亿博丰担保品管理有限公司,亿博丰担保品管理
宁夏亿车科技有限公司,亿车
宁夏亿次元科技有限公司,亿次元
宁夏亿丰建设工程有限公司,亿丰建设
宁夏亿伏科技有限公司,亿伏
宁夏亿嘉阳光国际贸易有限公司,亿嘉阳光国际贸易
宁夏亿嘉益机械设备有限公司,亿嘉益机械设备
宁夏亿能固体废弃物资源化开发有限公司,亿能固体废弃物资源化开发
宁夏亿智慧信息科技有限公司,亿智慧
宁夏艺丰农业有限公司,艺丰
宁夏艺乐升辉网络科技有限公司,艺乐升辉
宁夏艺盟礼益文化艺术品有限公司,艺盟礼益艺术品
宁夏亦浓酒庄有限公司,亦浓酒庄
宁夏亦生科技服务有限公司,亦生
宁夏易宸天智科技有限公司,易宸天智
宁夏易聚高显光电技术有限公司,易聚高显光电
宁夏易龙信息技术咨询服务有限公司,易龙咨询
宁夏易通联创科技有限公司,易通联创
宁夏易兴新材料发展有限公司,易兴
宁夏易讯通电子科技有限公司,易讯通电子
宁夏奕华盛科技有限公司,奕华盛
宁夏奕昇信息科技有限公司,奕昇
宁夏益丰智慧农业科技有限责任公司,益丰智慧
宁夏益君面粉有限公司,益君面粉
宁夏益农利牧农牧有限公司,益农利牧农牧
宁夏益农投资咨询有限公司,益农投资咨询
宁夏益农新能源有限公司,益农
宁夏益千佳智能科技有限公司,益千佳
宁夏益智电子商务有限公司,益智电子商务
宁夏逸城中通建材有限公司,逸城中通建材
宁夏逸帆卫宁科技有限公司,逸帆卫宁
宁夏逸凡包装有限公司,逸凡包装
宁夏翊昊宏翔信息科技有限公司,翊昊宏翔
宁夏翌博信科技有限公司,翌博信
宁夏茵迪通信工程有限公司,茵迪通信
宁夏银安文化产业有限公司,银安
宁夏银报智能印刷科技有限公司,银报印刷
宁夏银川大河数控机床有限公司,大河数控机床
宁夏银得利科技发展有限公司,银得利
宁夏银方智能科技有限公司,银方
宁夏银福鼎食品有限公司,银福鼎食品
宁夏银河智能仪表科技有限公司,银河仪表
宁夏银恒紧固件制造有限公司,银恒紧固件
宁夏银湖农林牧开发有限公司,银湖农林牧开发
宁夏银华铝业有限公司,银华铝业
宁夏银利电气股份有限公司,银利电气股份
宁夏银松科技发展有限公司,银松
宁夏银兴科技服务有限公司,银兴
宁夏银亚钢结构制造有限公司,银亚钢结构
宁夏银洲通信技术咨询有限公司,银洲通信咨询
宁夏饮和食品发展有限公司,饮和食品
宁夏英杰达信息产业有限公司,英杰达
宁夏英泰力信息技术有限公司,英泰力
宁夏迎鑫达门窗装饰有限公司,迎鑫达门窗装饰
宁夏赢盾智能科技有限公司,赢盾
宁夏永澳源农牧有限公司,永澳源农牧
宁夏永和光福新能源有限公司,永和光福
宁夏永丽丰智能科技有限公司,永丽丰
宁夏永农生物科学有限公司,永农科学
宁夏永煦模板科技有限公司,永煦模板
宁夏勇峰建筑工程有限公司,勇峰
宁夏优跃信息科技有限公司,优跃
宁夏友麟农业开发有限公司,友麟开发
宁夏有梦青年电子商务有限公司,有梦青年电子商务
宁夏有为信息技术有限公司,有为
宁夏佑安安全技术咨询有限公司,佑安安全咨询
宁夏于味鲜食品有限公司,于味鲜食品
宁夏渔掌门生态农业旅游有限公司,渔掌门生态旅游
宁夏与声聚莱文化传媒有限公司,与声聚莱传媒
宁夏宇邦科技服务有限公司,宇邦
宁夏宇成蓝天环保输送设备有限公司,宇成蓝天输送设备
宁夏宇华伟业量仪精密铸造有限公司,宇华伟业量仪精密铸造
宁夏宇能链科技物流有限公司,宇能链物流
宁夏宇信通智能科技有限公司,宇信通
宁夏禹泉信息技术有限公司,禹泉
宁夏禹羿文化科技有限公司,禹羿
宁夏玉林洋食用油有限公司,玉林洋食用油
宁夏玉泉生物肥料有限公司,玉泉肥料
宁夏玉山机械设备制造有限公司,玉山机械设备
宁夏昱博市政建设工程有限公司,昱博市政建设
宁夏昱皓软件技术有限公司,昱皓软件
宁夏钰瑶鑫晟农牧有限公司,钰瑶鑫晟农牧
宁夏裕凌丰食品有限公司,裕凌丰食品
宁夏煜州电子科技有限公司,煜州电子
宁夏誉兴包装印刷有限公司,誉兴包装印刷
宁夏毓晨电机维修有限公司,毓晨电机维修
宁夏元创安环科技有限公司,元创安环
宁夏元昊电力工程有限公司,元昊电力
宁夏元蔚环保科技有限公司,元蔚
宁夏原歌葡萄酒庄股份有公司,原歌葡萄酒庄股份有
宁夏圆惠环保科技有限公司,圆惠
宁夏源安技术咨询服务有限公司,源安咨询
宁夏源采信息技术有限公司,源采
宁夏源码信息技术有限公司,源码
宁夏源森炽科技有限公司,源森炽
宁夏源众技术服务有限公司,源众
宁夏远诚新材料实业集团有限公司,远诚
宁夏远大城建建筑工业有限公司,远大城建工业
宁夏远帆企业管理咨询有限公司,远帆企业管理咨询
宁夏远鹏建设工程有限公司,远鹏建设
宁夏阅动矩阵科技有限公司,阅动矩阵
宁夏阅润科技有限公司,阅润
宁夏悦丰生态农业科技股份有限公司,悦丰生态股份
宁夏悦海农牧开发有限公司,悦海农牧开发
宁夏悦养新能源科技有限公司,悦养
宁夏跃尚元工程应用有限公司,跃尚元应用
宁夏云从信息技术有限公司,云从
宁夏云桦智慧能源有限公司,云桦智慧能源
宁夏云控农业物联网科技有限公司,云控物联网
宁夏云联智享工程技术有限公司,云联智享
宁夏云泰源农牧有限公司,云泰源农牧
宁夏云图勘测规划有限公司,云图勘测规划
宁夏云网智信科技有限公司,云网智信
宁夏云信达科技有限公司,云信达
宁夏云叶科技有限公司,云叶
宁夏云逸智联数字科技有限公司,云逸智联数字
宁夏昀启昕机械再制造有限公司,昀启昕机械再
宁夏运富祥工程机械有限公司,运富祥机械
宁夏泽辉节能环保科技有限公司,泽辉节能
宁夏泽瑞隆环保技术有限公司,泽瑞隆
宁夏泽瑞生态养殖牧业有限公司,泽瑞生态养殖牧业
宁夏泽新信息技术服务有限公司,泽新
宁夏泽艺洲智能装饰工程有限公司,泽艺洲装饰
宁夏泽友信息技术有限公司,泽友
宁夏展信科技有限公司,展信
宁夏占龙牧业开发有限公司,占龙牧业开发
宁夏长鼎夜视新技术开发有限公司,长鼎夜视新开发
宁夏长和翡翠酒庄有限公司,长和翡翠酒庄
宁夏长宏康农业发展有限公司,长宏康
宁夏长济农业科技有限公司,长济
宁夏长骏科技咨询有限公司,长骏咨询
宁夏长庆石油机械制造有限责任公司,长庆石油机械
宁夏长兴精密机械有限公司,长兴精密机械
宁夏兆瑞电力工程有限公司,兆瑞电力
宁夏珍祥建筑机械有限公司,珍祥机械
宁夏真新鲜供应链管理有限责任公司,真新鲜供应链管理
宁夏甄选信息技术有限公司,甄选
宁夏臻牛农牧有限公司,臻牛农牧
宁夏振国米业有限公司,振国米业
宁夏振鑫环保科技有限公司,振鑫
宁夏镇朔科贸有限公司,镇朔科贸
宁夏征信有限公司,征信
宁夏正邦品牌管理有限公司,正邦品牌管理
宁夏正德源科技发展股份有限公司,正德源股份
宁夏正合安科技有限公司,正合安
宁夏正普流体设备有限公司,正普流体设备
宁夏正禹工程技术有限公司,正禹
宁夏正源建设监理有限公司,正源建设监理
宁夏正源医药有限公司,正源
宁夏正筑建设工程有限公司,正筑建设
宁夏政安信息科技有限公司,政安
宁夏政诚检测有限公司,政诚检测
宁夏知策信息科技有限公司,知策
宁夏知光科技有限公司,知光
宁夏植安农林科技有限公司,植安农林
宁夏指数科技有限公司,指数
宁夏至信万合信息产业有限公司,至信万合
宁夏志成知识产权代理有限公司,志成知识产权代理
宁夏志辉建材有限公司,志辉建材
宁夏志辉砂石有限公司,志辉砂石
宁夏志忠工业固体废物处置有限公司,志忠工业固体废物处置
宁夏致远互联软件信息技术有限公司,致远互联软件
宁夏智安电力工程有限公司,智安电力
宁夏智柏健康科技有限公司,智柏健康
宁夏智辰信息科技有限公司,智辰
宁夏智诚智谷生物科技有限公司,智诚智谷
宁夏智达科技咨询有限公司,智达咨询
宁夏智德网络科技有限公司,智德
宁夏智恒鑫科技有限公司,智恒鑫
宁夏智弘生物科技有限公司,智弘
宁夏智惠宁安安防科技有限公司,智惠宁安安防
宁夏智慧宫文化传媒有限公司,智慧宫传媒
宁夏智教科技有限公司,智教
宁夏智杰伟业软件工程有限公司,智杰伟业软件
宁夏智控能源科技有限公司,智控能源
宁夏智联检测科学技术研究所（有限公司）,智联检测科学研究所
宁夏智林智能科技有限公司,智林
宁夏智信管理咨询有限公司,智信管理咨询
宁夏中博供应链有限公司,中博供应链
宁夏中测计量测试检验院(有限公司),中测计量测试检验院
宁夏中测计量测试检验院（有限公司）,中测计量测试检验院
宁夏中创科工贸有限公司,中创科工贸
宁夏中创智能科技有限公司,中创
宁夏中德易家信息科技有限公司,中德易家
宁夏中电联创电气自动化有限公司,中电联创电气
宁夏中梵数智科技有限公司,中梵数智
宁夏中昊银晨能源技术服务有限公司,中昊银晨能源
宁夏中禾瑞丰生态农业科技有限公司,中禾瑞丰生态
宁夏中和永利科技有限公司,中和永利
宁夏中宏国建检测有限公司,中宏国建检测
宁夏中环光伏材料有限公司,中环光伏材料
宁夏中环国安咨询有限公司,中环国安咨询
宁夏中环绿色建筑规划设计院有限公司,中环绿色规划设计院
宁夏中建万喜建筑有限公司,中建万喜
宁夏中景润通新能源有限公司,中景润通
宁夏中科恒瑞智能科技有限公司,中科恒瑞
宁夏中科精科检测技术有限公司,中科精科检测
宁夏中科欧德科技有限公司,中科欧德
宁夏中科瑞达光电科技有限公司,中科瑞达光电
宁夏中科天际防雷检测有限公司,中科天际防雷检测
宁夏中科天际防雷研究院有限公司,中科天际防雷研究院
宁夏中科物联技术有限公司,中科物联
宁夏中米科技有限公司,中米
宁夏中农生态农业开发有限公司,中农生态开发
宁夏中青生物科技有限公司,中青
宁夏中瑞祥机械有限公司,中瑞祥机械
宁夏中胜勘测规划设计院有限公司,中胜勘测规划设计院
宁夏中盛建材科技有限公司,中盛建材
宁夏中时农业科技发展有限责任公司,中时
宁夏中拓农业机械有限公司,中拓机械
宁夏中泰富瑞科技有限公司,中泰富瑞
宁夏中碳节能环保科技有限公司,中碳节能
宁夏中天昊广告装饰有限公司,中天昊广告装饰
宁夏中天经纬工程咨询有限公司,中天经纬咨询
宁夏中投数字科技有限公司,中投数字
宁夏中图工程咨询有限公司,中图咨询
宁夏中微泰克生物技术有限责任公司,中微泰克
宁夏中维科技板业有限公司,中维板业
宁夏中小在线信息服务有限公司,中小在线
宁夏中欣晶圆半导体科技有限公司,中欣晶圆半导体
宁夏中旭基业环保科技有限公司,中旭基业
宁夏中岩基业建设有限公司,中岩基业建设
宁夏中耀环能科技有限公司,中耀环能
宁夏中移和创科技有限公司,中移和创
宁夏中振电力有限公司,中振电力
宁夏中正华远科技有限公司,中正华远
宁夏中知视界科技有限公司,中知视界
宁夏中铸合金材料有限公司,中铸合金材料
宁夏中自慧博机电设备有限公司,中自慧博机电设备
宁夏中尊网络科技有限公司,中尊
宁夏忠鑫通物流有限公司,忠鑫通物流
宁夏仲检检测有限公司,仲检检测
宁夏众安消防安全工程有限公司,众安消防安全
宁夏众创基业电气有限公司,众创基业电气
宁夏众发制冷科技有限公司,众发制冷
宁夏众合天诚科工贸有限公司,众合天诚科工贸
宁夏众合远大电力设计有限公司,众合远大电力设计
宁夏众和绿源农业有限公司,众和绿源
宁夏众力管廊科技有限公司,众力管廊
宁夏众森生态环境（集团）有限公司,众森生态环境
宁夏众鑫宸实业有限公司,众鑫宸
宁夏众鑫鸿建设工程有限公司,众鑫鸿建设
宁夏众盈机械制造有限公司,众盈机械
宁夏众宇科技有限公司,众宇
宁夏众源建材有限公司,众源建材
宁夏众远电缆有限公司,众远电缆
宁夏众志高远信息科技有限公司,众志高远
宁夏众志好活网络科技有限公司,众志好活
宁夏重立机械制造有限公司,重立机械
宁夏周景世荣进出口有限公司,周景世荣进出口
宁夏洲洋制药有限公司,洲洋制药
宁夏祝融数字孪生科技有限公司,祝融数字孪生
宁夏筑云科技有限公司,筑云
宁夏筑之信检测有限公司,筑之信检测
宁夏倬昱新材料科技有限公司,倬昱
宁夏卓创源彩色印务有限公司,卓创源彩色印务
宁夏卓萃包装有限公司,卓萃包装
宁夏梓恒建筑工程有限公司,梓恒
宁夏紫辉商贸有限公司,紫辉商贸
宁夏自然之星农业科技有限公司,自然之星
宁夏纵横宝盈信息技术股份有限公司,纵横宝盈股份
宁夏纵横焦点文化科技有限公司,纵横焦点
配网（宁夏）电气有限公司,配网电气
启迪水联网（银川）科技有限公司,启迪水联网
启明云智（宁夏）信息科技有限公司,启明云智
启天通信管业（宁夏）有限公司,启天通信管业
乾藏灸医药科技（宁夏）有限公司,乾藏灸
融拓（宁夏）环保科技有限公司,融拓
瑞可仕（宁夏）科技有限公司,瑞可仕
赛迈科先进材料（宁夏）有限公司,赛迈科先进材料
赛瑞工信科技（宁夏）有限公司,赛瑞工信
三凯国际科技（宁夏）有限公司,三凯国际
三智未来（宁夏）科技有限公司,三智未来
森硕（宁夏）科技有限公司,森硕
森阳（宁夏）建设有限公司,森阳建设
善水博通（宁夏）环境科技有限公司,善水博通环境
上海华源药业（宁夏）沙赛制药有限公司,上海华源药业沙赛制药
上海胜华（集团）宁夏电缆有限公司,上海胜华电缆
盛世百纳（宁夏）会务服务有限公司,盛世百纳会务
世达新科（宁夏）供应链管理有限公司,世达新科供应链管理
数云传智（宁夏）信息科技有限公司,数云传智
斯特朗（宁夏）环保科技有限公司,斯特朗
泰极纸业（银川）有限责任公司,泰极纸业
泰山（银川）石膏有限公司,泰山石膏
滩羊鲜生（宁夏）牧业专业合作社,滩羊鲜生牧业专业合作社
汤姆森电气有限公司,汤姆森电气
特变交联（宁夏）线缆有限公司,特变交联线缆
特斯联（宁夏）科技有限公司,特斯联
天地宁夏支护装备有限公司,天地支护装备
天津大桥银川焊丝有限公司,天津大桥焊丝
天链(宁夏)数据科技有限公司,天链数据
天链（宁夏）数据科技有限公司,天链数据
天庆集团有限公司,天庆
天瑞豪源（宁夏）科技服务有限公司,天瑞豪源
天通银厦新材料有限公司,天通银厦
图新设计咨询有限公司,图新设计咨询
沃丰智慧科技（宁夏）有限公司,沃丰智慧
卧龙电气银川变压器有限公司,卧龙电气变压器
吾特特（宁夏）文化传播发展有限公司,吾特特传播
西北轴承有限公司,西北轴承
西部安全认证中心有限责任公司,西部安全认证中心
西部第三方检测集团（宁夏）有限公司,西部第三方检测
西部电子商务股份有限公司,西部电子商务股份
西部新能（宁夏）电力工程设计有限公司,西部新能电力设计
夏茸（宁夏）生物科技有限公司,夏茸
鲜控科技(宁夏)有限公司,鲜控
鲜控科技（宁夏）有限公司,鲜控
心梦想（宁夏）科创管理有限公司,心梦想科创管理
心芯(宁夏)科技有限公司,心芯
心芯（宁夏）科技有限公司,心芯
欣科（宁夏）信息科技有限公司,欣科
新上仕（宁夏）科技有限公司,新上仕
信恒工业自动化（银川）有限公司,信恒工业
兴乐集团宁夏电缆有限公司,兴乐电缆
徐州中煤（宁夏）钢结构建设有限公司,徐州中煤钢结构建设
迅驰工业（银川）有限公司,迅驰工业
一工机器人银川有限公司,一工机器人
壹禾文化控股集团（宁夏）有限公司,壹禾控股
银川阿凡达机器人科技有限公司,阿凡达机器人
银川艾齿口腔医院有限公司,艾齿口腔医院
银川艾尼工业科技开发股份有限公司,艾尼工业开发股份
银川艾森达新材料发展有限公司,艾森达
银川爱必达园艺有限公司,爱必达园艺
银川爱如生信息科技有限公司,爱如生
银川奥特信息技术股份公司,奥特股份
银川保绿特生物技术有限公司,保绿特
银川贝昂得医学检验实验室有限公司,贝昂得医学检验实验室
银川贝尔利科技有限公司,贝尔利
银川边塞人家食品有限公司,边塞人家食品
银川博康医院（有限公司）,博康医院
银川诚净和机械设备科技有限公司,诚净和机械设备
银川大前进网络技术咨询有限公司,大前进咨询
银川大重化工设备有限公司,大重化工设备
银川戴尔瑞养殖种植专业合作社,戴尔瑞养殖种植专业合作社
银川导医通互联网医院有限公司,导医通互联网医院
银川德钢机械制造有限公司,德钢机械
银川德锐斯工贸有限公司,德锐斯工贸
银川电气配套设备制造有限公司,电气配套设备
银川丁香互联网医院有限公司,丁香互联网医院
银川东方气力运输设备有限公司,东方气力运输设备
银川方达电子系统工程有限公司,方达电子系统
银川凤仪堂生物工程有限公司,凤仪堂
银川国基巩固工程有限公司,国基巩固
银川昊宇通汽车检测有限公司,昊宇通汽车检测
银川浩科科技咨询有限公司,浩科咨询
银川合宜科技有限公司,合宜
银川恒瑞通彩色印刷有限公司,恒瑞通彩色印刷
银川恒源兴银砼业有限公司,恒源兴银砼业
银川衡正信诚检测有限公司,衡正信诚检测
银川弘瑞达工贸有限公司,弘瑞达工贸
银川弘跃科技有限公司,弘跃
银川红日电线电缆有限公司,红日电线电缆
银川鸿胜盈隆新型保温材料有限公司,鸿胜盈隆新型保温材料
银川鸿盛果蔬种植专业合作社,鸿盛果蔬种植专业合作社
银川华安医院有限公司,华安医院
银川华信智信息技术有限公司,华信智
银川汇成科技有限公司,汇成
银川汇庆电力工贸有限公司,汇庆电力工贸
银川嘉翔科技发展有限公司,嘉翔
银川健康医疗数字服务有限公司,健康医疗数字
银川金沃精工科技有限公司,金沃精工
银川精齿机械有限公司,精齿机械
银川军浩兰砼业有限责任公司,军浩兰砼业
银川凯创机械制造有限公司,凯创机械
银川康地反刍动物营养科技有限公司,康地反刍动物营养
银川科海生物技术有限公司,科海
银川鲲鹏出海信息科技有限公司,鲲鹏出海
银川兰达化工科技有限公司,兰达化工
银川蓝电电力高压技术有限公司,蓝电电力高压
银川蓝杰机床附件有限公司,蓝杰机床附件
银川老绵羊食品有限公司,老绵羊食品
银川雷利祥电气有限公司,雷利祥电气
银川连华科技发展有限公司,连华
银川林茂玻璃有限公司,林茂玻璃
银川隆基光伏科技有限公司,隆基光伏
银川隆基硅材料有限公司,隆基硅材料
银川绿之川园艺专业合作社,绿之川园艺专业合作社
银川美食美客食品有限公司,美食美客食品
银川美中嘉和互联网医院有限公司,美中嘉和互联网医院
银川珉玉电子科技有限公司,珉玉电子
银川明能电气有限公司,明能电气
银川蒲尚葡萄酒有限公司,蒲尚葡萄酒
银川普软信息技术有限公司,普软
银川七彩涂饰有限公司,七彩涂饰
银川乾景电子科技有限公司,乾景电子
银川俏王婆食品有限公司,俏王婆食品
银川清华紫光科技有限公司,清华紫光
银川庆丰丰达科技有限公司,庆丰丰达
银川仁达无害化处理有限公司,仁达无害化处理
银川融神威自动化仪表厂（有限公司）,融神威仪表厂
银川瑞安祥消防安全技术工程有限公司,瑞安祥消防安全
银川瑞海陈技术咨询服务有限公司,瑞海陈咨询
银川瑞通方胜信息技术有限公司,瑞通方胜
银川润泽源节水科技有限公司,润泽源节水
银川三利酱醋有限责任公司,三利酱醋
银川森淼工程有限公司,森淼
银川上医堂中医医院有限公司,上医堂中医医院
银川市艾尼散热器有限公司,市艾尼散热器
银川市成通建设工程有限公司,市成通建设
银川市城市规划设计研究院有限公司,市城市规划设计研究院
银川市川雨节水灌溉有限公司,市川雨节水灌溉
银川市房地产测绘中心（有限公司）,市房地产测绘中心
银川市富邦印刷包装有限公司,市富邦印刷包装
银川市富泰华家具有限公司,市富泰华家具
银川市供水水质监测研究所有限公司,市供水水质监测研究所
银川市贺兰山莲花山建材有限公司,市山莲花山建材
银川市恒益达机械有限公司,市恒益达机械
银川市华银电线电缆有限公司,市华银电线电缆
银川市乐味食品有限公司,市乐味食品
银川市立恒电气设备有限公司,市立恒电气设备
银川市联合商检科技有限公司,市联合商检
银川市容尔科技有限公司,市容尔
银川市长城液压有限责任公司,市长城液压
银川市正禹水利水电工程质量检测有限公司,市正禹水利水电质量检测
银川市致远出租汽车服务有限公司,市致远出租汽车
银川市智卓信科技有限公司,市智卓信
银川市综合检验检测有限公司,市综合检验检测
银川蔬果鲜蔬菜专业合作社,蔬果鲜蔬菜专业合作社
银川思思食品有限公司,思思食品
银川四海丰盈保温材料有限公司,四海丰盈保温材料
银川松林数控科技有限公司,松林数控
银川特种轴承有限公司,特种轴承
银川天恩电气集团有限公司,天恩电气
银川天脉网络科技有限公司,天脉
银川天一海腾工贸有限公司,天一海腾工贸
银川天源盛衡器有限公司,天源盛衡器
银川天卓生物科技有限公司,天卓
银川田永成医学美容有限责任公司,田永成医学美容
银川铁狮环保设备有限公司,铁狮设备
银川通昌绿洁日化有限公司,通昌绿洁日化
银川通达工程技术有限公司,通达
银川图泰克科技有限公司,图泰克
银川图泰克模具技术有限公司,图泰克模具
银川网星电子科技有限公司,网星电子
银川威力传动技术股份有限公司,威力传动股份
银川威马电机有限责任公司,威马电机
银川维视阅互联网医院有限公司,维视阅互联网医院
银川文达新机械制造有限公司,文达新机械
银川沃尔森节水灌溉有限公司,沃尔森节水灌溉
银川西部大森数控技术有限公司,西部大森数控
银川喜乐互联网医院有限公司,喜乐互联网医院
银川翔峰制冷技术有限公司,翔峰制冷
银川翔通公交传媒有限公司,翔通公交传媒
银川欣安瑞电气有限公司,欣安瑞电气
银川信远轴承制造有限公司,信远轴承
银川一方玻璃棉有限公司,一方玻璃棉
银川伊百盛生物工程有限公司,伊百盛
银川伊光食品厂,伊光食品厂
银川伊品香油脂有限公司,伊品香油脂
银川怡祥电力设备制造维修有限公司,怡祥电力设备维修
银川怡祥矿山机械制造有限公司,怡祥矿山机械
银川银丰食品有限公司,银丰食品
银川银戈信息技术有限公司,银戈
银川英奥特自控股份有限公司,英奥特自控股份
银川优医达互联网医院有限公司,优医达互联网医院
银川猿创互联网医院有限公司,猿创互联网医院
银川展芯科技有限公司,展芯
银川正人科技工程有限公司,正人
银川知微生物科技有限公司,知微
银川致皓义齿科技有限公司,致皓义齿
银川致远交建科技有限公司,致远交建
银川智慧城市科技发展有限公司,智慧城市
银川智慧冷链物流有限公司,智慧冷链物流
银川智慧食品安全检验检测中心（有限公司）,智慧食品安全检验检测中心
银川智慧信息科技有限公司,智慧
银川中博联合电气有限公司,中博联合电气
银川中电光谷科技产业发展有限公司,中电光谷
银川中房物业智能科技有限公司,中房物业
银川中科环保电力有限公司,中科电力
银川中科元昊科技有限公司,中科元昊
银川中小在线资信服务有限公司,中小在线资信
银川中轴智造小镇科技发展有限公司,中轴智造小镇
银川卓一园林绿化工程有限公司,卓一园林绿化
永宁县昊香源食用油有限公司,县昊香源食用油
永宁县惠丰现代农业种植专业合作社,县惠丰现代种植专业合作社
永宁县伟国农业专业合作社,县伟国专业合作社
永宁县信杰食用菌专业合作社,县信杰食用菌专业合作社
友连（宁夏）科技有限公司,友连
煜金达（宁夏）建材科技有限公司,煜金达建材
阅宁科技（宁夏）有限公司,阅宁
云铂（宁夏）科技有限公司,云铂
云舟（宁夏）能源科技有限责任公司,云舟能源
泽昕科技（宁夏）有限公司,泽昕
长燃智享(宁夏)新能源科技有限公司,长燃智享
长燃智享（宁夏）新能源科技有限公司,长燃智享
长润安测科技有限公司,长润安测
长润放射科技（宁夏）有限公司,长润放射
知了（宁夏）信息科技有限公司,知了
智感科技（宁夏）有限公司,智感
智芯慧融（宁夏）数字科技有限公司,智芯慧融数字
智瀛信息科技（宁夏）有限公司,智瀛
中晟运达（宁夏）供应链管理有限责任公司,中晟运达供应链管理
中电建宁夏工程有限公司,中电建
中电科翌智航（宁夏）科技有限公司,中电科翌智航
中电算力科技应用（宁夏）有限公司,中电算力应用
中发建业（宁夏）环境科技有限公司,中发建业环境
中航（宁夏）生物股份有限公司,中航股份
中环科工（宁夏）生态环境设计院有限公司,中环科工生态环境设计院
中技安全科技有限公司,中技安全
中交基础设施养护集团宁夏工程有限公司,中交基础设施养护
中节能国机联合电力（宁夏）有限公司,中节能国机联合电力
中节能宁夏新能源股份有限公司,中节能股份
中科嘉创碳金（宁夏）新材料科技有限公司,中科嘉创碳金
中科天际科技股份有限公司,中科天际股份
中联玉德设计咨询有限公司,中联玉德设计咨询
中粮长城葡萄酒（宁夏）有限公司,中粮长城葡萄酒
中亮（宁夏）实业有限公司,中亮
中霖思源（宁夏）生态科技有限公司,中霖思源生态
中能投（宁夏）  电力工程有限公司,中能投  电力
中启源(宁夏)生物科技有限公司,中启源
中启源（宁夏）生物科技有限公司,中启源
中天云创（宁夏）信息科技有限公司,中天云创
中铁建大桥工程局集团西北工程有限公司,中铁建大桥局西北
中通创新（宁夏）信息与环保技术有限公司,中通创新与
中新重远(宁夏）检测技术有限公司,中新重远(）检测
中英阿诺康（宁夏）生物科技有限公司,中英阿诺康
中源智信（宁夏）  电力技术有限公司,中源智信  电力
中云天创（宁夏）科技有限公司,中云天创
中再云汇(宁夏)环保科技有限公司,中再云汇
中再云汇（宁夏）环保科技有限公司,中再云汇
仲检（宁夏）技术服务有限公司,仲检
仲检检测（集团）有限公司,仲检检测
重立智能科技（宁夏）有限公司,重立
紫夏（宁夏）生物科技有限公司,紫夏
